ID,TARGET
2024-07-01_B09KDR64LT,5.61
2024-07-01_B0BNL11QD8,23.46
2024-07-01_B0BDRS6R5Z,23.46
2024-07-01_B0BNL4L4K5,23.46
2024-07-01_B0BNL3J36Z,0.54
2024-07-01_B0BNL3YY1C,5.61
2024-07-01_B0BNL4S6MB,23.46
2024-07-01_B0BRCXDHBX,23.46
2024-07-01_B0BNL7TJRT,23.46
2024-07-01_B0BRCW2B64,0.6
2024-07-01_B0BRCW79VK,1.8825
2024-07-01_B0BRCXCXCV,10.42
2024-07-01_B0BNL1CG6X,33.99
2024-07-01_B0BNL5BKMK,2.01
2024-07-01_B0BG2Z8CY4,9.19
2024-07-01_B0BRCXJRX6,32.24
2024-07-01_B0BNKZCWFL,19.3
2024-07-01_B0BNKZ88Z5,0.6
2024-07-01_B0BNKYZD2Z,0.12
2024-07-01_B0BNKY8RQN,5.61
2024-07-01_B0BNKXC5H1,23.46
2024-07-01_B0BGDZLDX2,23.46
2024-07-01_B0BGDXV7FD,1.45
2024-07-01_B0BGDXM13S,9.19
2024-07-01_B0BGDX2Z3L,24.98
2024-07-01_B0BGDWGRQB,29.26
2024-07-01_B0BSLTZV4Z,23.46
2024-07-01_B0BG2T78CJ,23.46
2024-07-01_B0BRCXQMS5,15.45
2024-07-01_B0C9JLKFPZ,15.74
2024-07-01_B0CR4BG4ZW,9.6
2024-07-01_B0BRCXP7VN,21.51
2024-07-01_B0CQVLFPBQ,23.46
2024-07-01_B0CR49BQRS,26.8
2024-07-01_B0CR49N6MQ,13.96
2024-07-01_B0CR49NR3B,24.29
2024-07-01_B0CR4BK4FW,1.98
2024-07-01_B0CR4BGLK5,9.05
2024-07-01_B0CR4C5WXS,22.41
2024-07-01_B0CR4C98FS,19.15
2024-07-01_B0CY5KFQBD,5.25
2024-07-01_B0CFV6V981,7.05
2024-07-01_B0BRCXJ1F6,21.37
2024-07-01_B0CY5LR4VX,7.2
2024-07-01_B0BSLWJKSX,8.03
2024-07-01_B0BSLTV9FL,23.46
2024-07-01_B0BRDCJWJC,0.6
2024-07-01_B0BRDCBGFD,5.61
2024-07-01_B0BRCYV77T,13.3
2024-07-01_B0BRCYQNSW,58.6
2024-07-01_B0BRCYK4JK,26.97
2024-07-01_B0BRCYJ4SR,19.89
2024-07-01_B0BRCYJ33N,11.6
2024-07-01_B0BRCY8QMH,21.99
2024-07-01_B0BRCXXBG2,23.46
2024-07-01_B0BRCXQRC9,18.89
2024-07-01_B0BG2PD396,0.83
2024-07-01_B0BNKZYHRX,5.61
2024-07-01_B0BNKZ9BJR,23.46
2024-07-01_B09X1FWK8Z,23.46
2024-07-01_B09KSYL73R,52.86
2024-07-01_B09KDXJJ6W,17.05
2024-07-01_B09MR4B13C,42.86
2024-07-01_B09MR2MLZH,18.77
2024-07-01_B09MR2FY5D,7.47
2024-07-01_B09KTMLQ1N,33.61
2024-07-01_B09KTMKDKJ,31.15
2024-07-01_B09KTJRHC7,37.53
2024-07-01_B09KTFXX6L,23.85
2024-07-01_B09KTF8ZDQ,23.46
2024-07-01_B09KT5HMNY,23.46
2024-07-01_B09KSXP3HN,18.5
2024-07-01_B0B31VFJ6Q,30.18
2024-07-01_B09MR3Y296,2.02
2024-07-01_B09MR36MLJ,5.61
2024-07-01_B09KDW1YKQ,23.46
2024-07-01_B09KDPXYG3,23.46
2024-07-01_B09KDVXTP4,23.46
2024-07-01_B0BDRTZTGX,0.6
2024-07-01_B09KDLQ2GW,1.24
2024-07-01_B09KDN7PYR,7.59
2024-07-01_B09KDNYCYR,23.46
2024-07-01_B09KDYY3SB,7.61
2024-07-01_B09KDQ2BWY,24.45
2024-07-01_B09KDTHJ6V,23.46
2024-07-01_B0CY5QQ49F,11.66
2024-07-01_B09KDZQJ6P,3.821654761904762
2024-07-01_B09MR4G722,6.25
2024-07-01_B09KDTS4DC,23.46
2024-07-01_B09MR3XT5G,68.97
2024-07-01_B0BDRQWBK9,2.56
2024-07-01_B0B69SF1BT,5.61
2024-07-01_B0B69GN5KJ,23.46
2024-07-01_B0B69G3YRM,23.46
2024-07-01_B0B69FBGN1,23.46
2024-07-01_B0B69DK8JN,23.46
2024-07-01_B0B69DD2C7,23.46
2024-07-01_B09MR3RSW8,23.46
2024-07-01_B0B69B8R3C,23.46
2024-07-01_B0B699PLXD,0.6
2024-07-01_B0B31Y1FDZ,0.93
2024-07-01_B0B31VTH56,4.415
2024-07-01_B0B31V3PKG,23.46
2024-07-01_B0B69C4GST,23.46
2024-07-01_B09MR4Z3H8,7.66
2024-07-01_B09MR4Z3H9,24.49
2024-07-01_B0B31SM3ZR,23.46
2024-07-01_B0B31R1ZBV,23.46
2024-07-01_B09X1JTK49,23.46
2024-07-01_B09X1H629F,23.46
2024-07-01_B09X1HV1NL,22.0
2024-07-01_B09X1F8C23,93.46
2024-07-01_B09X1DHRLN,16.17
2024-07-01_B09MR5WS3Y,23.46
2024-07-01_B09MR56Q9N,23.46
2024-07-01_B0B31T1XMH,23.46
2024-07-01_B09X1F1L26,11.9
2024-07-02_B0BRCXCXCV,11.19
2024-07-02_B0BNL7TJRT,8.49
2024-07-02_B0BNL1CG6X,8.1
2024-07-02_B0BRCXDHBX,8.1
2024-07-02_B0BRCW79VK,3.72
2024-07-02_B0BDRS6R5Z,5.85
2024-07-02_B0BRCXJ1F6,8.1
2024-07-02_B0BNL5BKMK,0.24
2024-07-02_B0BNL4L4K5,4.21
2024-07-02_B0BNL3J36Z,0.24
2024-07-02_B0BRCW2B64,0.6009523809523809
2024-07-02_B0BNKXC5H1,4.21
2024-07-02_B0BSLWJKSX,8.1
2024-07-02_B0BNKZCWFL,8.1
2024-07-02_B0BNKZ9BJR,8.1
2024-07-02_B0BNKZ88Z5,0.24
2024-07-02_B0BNKYZD2Z,0.2100595238095238
2024-07-02_B0BNKY8RQN,8.18
2024-07-02_B0BGDZLDX2,8.1
2024-07-02_B0BGDXV7FD,0.24
2024-07-02_B0BGDXM13S,4.21
2024-07-02_B0BGDX2Z3L,3.75
2024-07-02_B0BGDWGRQB,8.42
2024-07-02_B0BG2Z8CY4,8.1
2024-07-02_B0BG2T78CJ,8.1
2024-07-02_B0BNL11QD8,8.1
2024-07-02_B0BNKZYHRX,8.1
2024-07-02_B0BRCXJRX6,3.47
2024-07-02_B0C9JLKFPZ,10.22
2024-07-02_B0BRCXQMS5,13.54
2024-07-02_B0CR4BGLK5,9.24
2024-07-02_B0CQVLFPBQ,7.63
2024-07-02_B0CR49BQRS,3.18
2024-07-02_B0CR49N6MQ,11.25
2024-07-02_B0CR49NR3B,16.24
2024-07-02_B0CR4BG4ZW,10.72
2024-07-02_B0CR4C5WXS,14.5
2024-07-02_B0CR4BK4FW,1.82
2024-07-02_B0CR4C98FS,9.03
2024-07-02_B0CY5KFQBD,3.69
2024-07-02_B0CY5LR4VX,5.54
2024-07-02_B0BRCXP7VN,3.3
2024-07-02_B0BNL4S6MB,8.1
2024-07-02_B0CFV6V981,9.19
2024-07-02_B0BSLTZV4Z,13.27
2024-07-02_B0BSLTV9FL,8.1
2024-07-02_B0BRDCJWJC,0.24
2024-07-02_B0BRDCBGFD,4.21
2024-07-02_B0BRCYV77T,56.98
2024-07-02_B0BRCYQNSW,33.0
2024-07-02_B0BRCYK4JK,31.97
2024-07-02_B0BRCYJ4SR,12.19
2024-07-02_B0BRCYJ33N,29.7
2024-07-02_B0BRCY8QMH,14.59
2024-07-02_B0BRCXXBG2,8.1
2024-07-02_B0CY5QQ49F,4.39
2024-07-02_B0BRCXQRC9,71.49
2024-07-02_B0BG2PD396,5.14
2024-07-02_B0BNL3YY1C,4.21
2024-07-02_B0B31V3PKG,8.1
2024-07-02_B09MR3XT5G,56.4
2024-07-02_B09MR3RSW8,14.02
2024-07-02_B09MR36MLJ,8.1
2024-07-02_B09MR2MLZH,8.1
2024-07-02_B09MR2FY5D,4.29
2024-07-02_B09KTMLQ1N,29.66
2024-07-02_B09KTMKDKJ,34.27
2024-07-02_B09KTFXX6L,14.99
2024-07-02_B09KTF8ZDQ,8.1
2024-07-02_B09KT5HMNY,8.1
2024-07-02_B09KSYL73R,44.02
2024-07-02_B09MR3Y296,4.59
2024-07-02_B09KSXP3HN,18.78
2024-07-02_B09KTJRHC7,30.76
2024-07-02_B09KDQ2BWY,17.47
2024-07-02_B09KDXJJ6W,8.1
2024-07-02_B0BDRTZTGX,0.24
2024-07-02_B09KDN7PYR,4.21
2024-07-02_B09KDNYCYR,8.1
2024-07-02_B09KDPXYG3,8.1
2024-07-02_B09KDZQJ6P,2.06
2024-07-02_B09KDR64LT,8.93
2024-07-02_B09KDTS4DC,8.1
2024-07-02_B09KDVXTP4,8.1
2024-07-02_B0BDRQWBK9,8.1
2024-07-02_B09KDTHJ6V,8.1
2024-07-02_B09KDYY3SB,13.47
2024-07-02_B09MR4B13C,21.23
2024-07-02_B09KDW1YKQ,13.57
2024-07-02_B09MR4Z3H8,3.47
2024-07-02_B09X1F8C23,39.05
2024-07-02_B0B69GN5KJ,12.85
2024-07-02_B0B69G3YRM,8.1
2024-07-02_B0B69FBGN1,8.1
2024-07-02_B0B69DK8JN,8.1
2024-07-02_B0B69DD2C7,8.1
2024-07-02_B0B69C4GST,8.1
2024-07-02_B0B69B8R3C,8.1
2024-07-02_B0B699PLXD,0.24
2024-07-02_B0B31Y1FDZ,3.6
2024-07-02_B0B31VTH56,3.42
2024-07-02_B0B31VFJ6Q,35.55
2024-07-02_B0B69SF1BT,18.07
2024-07-02_B09MR4G722,8.1
2024-07-02_B0B31SM3ZR,8.1
2024-07-02_B0B31R1ZBV,8.1
2024-07-02_B09X1JTK49,8.1
2024-07-02_B09X1HV1NL,40.72
2024-07-02_B09KDLQ2GW,11.19
2024-07-02_B09X1FWK8Z,5.85
2024-07-02_B09X1H629F,8.1
2024-07-02_B09X1F1L26,4.36
2024-07-02_B09MR5WS3Y,5.1
2024-07-02_B09MR56Q9N,8.1
2024-07-02_B09MR4Z3H9,8.1
2024-07-02_B0B31T1XMH,8.1
2024-07-02_B09X1DHRLN,8.1
2024-07-03_B0BNKXC5H1,12.38
2024-07-03_B0BNL11QD8,12.38
2024-07-03_B0BNL4Y2J9,12.38
2024-07-03_B0BRCW79VK,6.23
2024-07-03_B0BNL3RDG4,6.43
2024-07-03_B0BNL7TJRT,12.38
2024-07-03_B0BNL5BKMK,1.1133333333333333
2024-07-03_B0BRCXCXCV,11.03
2024-07-03_B0BNL4S6MB,4.57
2024-07-03_B0BNL3J36Z,0.9183333333333334
2024-07-03_B0BRCW2B64,0.6106666666666666
2024-07-03_B0BNL43XHH,9.0
2024-07-03_B0BGDXV7FD,0.9183333333333334
2024-07-03_B0BNKZ9BJR,4.2
2024-07-03_B0BNKZ88Z5,1.1933333333333334
2024-07-03_B0BNKYZD2Z,0.5095
2024-07-03_B0BGDZLDX2,9.0
2024-07-03_B0BGDXM13S,12.38
2024-07-03_B0BGDX2Z3L,1.84
2024-07-03_B0BGDWGRQB,7.36
2024-07-03_B0BG2Z8CY4,12.38
2024-07-03_B0BG2T78CJ,12.38
2024-07-03_B0BRCXDHBX,12.38
2024-07-03_B0BRCXJ1F6,12.38
2024-07-03_B0BNKZKGFG,12.38
2024-07-03_B0BNKZCWFL,12.38
2024-07-03_B0BRDCJWJC,0.9183333333333334
2024-07-03_B0BRDCBGFD,4.2
2024-07-03_B0BG2QXQ9V,12.38
2024-07-03_B0CR4BK4FW,0.9183333333333334
2024-07-03_B0CR49BQRS,4.6
2024-07-03_B0CR49N6MQ,10.9
2024-07-03_B0CR49NR3B,5.73
2024-07-03_B0CR4BG4ZW,20.81
2024-07-03_B0CR4BGLK5,16.99
2024-07-03_B0CY5QQ49F,11.89
2024-07-03_B0CR4C5WXS,8.832
2024-07-03_B0CR4C98FS,8.82
2024-07-03_B0CY5KFQBD,7.507202380952381
2024-07-03_B0CY5LR4VX,9.44
2024-07-03_B0BSLWJKSX,20.8
2024-07-03_B0C9JLKFPZ,25.18
2024-07-03_B0BRCYJ4SR,21.04
2024-07-03_B0BRCYV77T,60.68
2024-07-03_B0BRCYQNSW,32.37
2024-07-03_B0BRCYK4JK,28.07
2024-07-03_B0BRCXP7VN,14.82
2024-07-03_B0BRCYJ33N,27.26
2024-07-03_B0BRCY8QMH,12.16
2024-07-03_B0BRCXXBG2,12.38
2024-07-03_B0BRCXSTKW,12.38
2024-07-03_B0BRCXQRC9,23.05
2024-07-03_B0BRCXQMS5,17.5
2024-07-03_B0BRCXJRX6,13.79
2024-07-03_B0CFV6V981,15.94
2024-07-03_B0BG2PD396,1.1683333333333332
2024-07-03_B0BDRS6R5Z,4.2
2024-07-03_B0BDRTZTGX,0.9183333333333334
2024-07-03_B09MR3XT5G,43.77
2024-07-03_B09MR36MLJ,15.54
2024-07-03_B09MR2MLZH,12.38
2024-07-03_B09MR2FY5D,5.52
2024-07-03_B09KTMLQ1N,29.86
2024-07-03_B09KTMKDKJ,24.66
2024-07-03_B09KTJRHC7,58.19
2024-07-03_B09KTFXX6L,19.01
2024-07-03_B09KT5HMNY,12.38
2024-07-03_B09KSYL73R,45.02
2024-07-03_B09KDZQJ6P,2.24
2024-07-03_B09KDLQ2GW,4.035746517027863
2024-07-03_B09KTF8ZDQ,10.81
2024-07-03_B09KDTHJ6V,12.38
2024-07-03_B09KDNYCYR,12.38
2024-07-03_B09KDPXYG3,12.38
2024-07-03_B09KDQ2BWY,12.38
2024-07-03_B09KDR64LT,12.38
2024-07-03_B09KDN7PYR,12.38
2024-07-03_B09KDTS4DC,12.38
2024-07-03_B09KDW1YKQ,12.38
2024-07-03_B09KDXJJ6W,12.38
2024-07-03_B09KDVXTP4,12.38
2024-07-03_B0B31V3PKG,12.38
2024-07-03_B09KDYY3SB,6.88
2024-07-03_B09MR3Y296,2.6
2024-07-03_B09KSXP3HN,12.95
2024-07-03_B09MR4G722,13.16
2024-07-03_B0BDRQWBK9,12.38
2024-07-03_B0B31VFJ6Q,32.82
2024-07-03_B0B69SF1BT,18.02
2024-07-03_B0B69GN5KJ,12.38
2024-07-03_B0B69FBGN1,12.38
2024-07-03_B0B69DK8JN,12.38
2024-07-03_B0B69DD2C7,12.38
2024-07-03_B0B69C4GST,12.38
2024-07-03_B0B699PLXD,0.9183333333333334
2024-07-03_B0B31Y1FDZ,2.03
2024-07-03_B0B31VTH56,14.27
2024-07-03_B0B69B8R3C,12.38
2024-07-03_B0B31T1XMH,12.38
2024-07-03_B09MR4B13C,17.76
2024-07-03_B09X1F1L26,5.36
2024-07-03_B09MR3RSW8,6.203333333333332
2024-07-03_B09MR4Z3H9,12.38
2024-07-03_B0B31SM3ZR,12.38
2024-07-03_B0B31R1ZBV,12.38
2024-07-03_B09X1HV1NL,7.71
2024-07-03_B09X1JTK49,16.39
2024-07-03_B09MR4Z3H8,4.21
2024-07-03_B09MR5WS3Y,16.02
2024-07-03_B09MR5Q6HJ,12.38
2024-07-03_B09MR56Q9N,0.9183333333333334
2024-07-03_B09X1F8C23,34.66
2024-07-04_B0BRCW79VK,1.99
2024-07-04_B0BNL5BKMK,0.76
2024-07-04_B0BRCXDHBX,5.48
2024-07-04_B0BRCXCXCV,8.4
2024-07-04_B0BNL7TJRT,12.36
2024-07-04_B0BSLWJKSX,10.98
2024-07-04_B0BNL4Y2J9,10.98
2024-07-04_B0BNL4S6MB,10.98
2024-07-04_B0BNL43XHH,10.98
2024-07-04_B0BNL3J36Z,1.26
2024-07-04_B0BRCW2B64,0.24
2024-07-04_B0BG2Z8CY4,8.45
2024-07-04_B0BNL11QD8,10.98
2024-07-04_B0BNKZCWFL,10.98
2024-07-04_B0BNKZ9BJR,10.98
2024-07-04_B0BNKZ88Z5,2.2516666666666665
2024-07-04_B0BNKYZD2Z,0.35740476190476195
2024-07-04_B0BNKXC5H1,5.48
2024-07-04_B0BGDZLDX2,10.98
2024-07-04_B0BGDXV7FD,1.35
2024-07-04_B0BGDXM13S,8.45
2024-07-04_B0BGDX2Z3L,5.37
2024-07-04_B0BGDWGRQB,13.23
2024-07-04_B0BRCXJ1F6,10.98
2024-07-04_B0BRCXQMS5,10.0
2024-07-04_B0BNKZKGFG,13.52
2024-07-04_B0BNL3RDG4,10.98
2024-07-04_B0CR4BGLK5,7.61
2024-07-04_B0BG2QXQ9V,10.69
2024-07-04_B0BRCXJRX6,7.64
2024-07-04_B0CFV6V981,5.17
2024-07-04_B0CR49BQRS,7.22
2024-07-04_B0CR49N6MQ,11.19
2024-07-04_B0CR49NR3B,16.58
2024-07-04_B0CR4BG4ZW,18.59
2024-07-04_B0CY5LR4VX,11.32
2024-07-04_B0CR4BK4FW,5.707666666666666
2024-07-04_B0CR4C5WXS,5.86
2024-07-04_B0CR4C98FS,10.22
2024-07-04_B0CY5KFQBD,71.02199999999999
2024-07-04_B0BRDCJWJC,3.01
2024-07-04_B0C9JLKFPZ,4.58
2024-07-04_B0BRCYJ4SR,13.26
2024-07-04_B0BRDCBGFD,10.98
2024-07-04_B0BRCYV77T,9.41
2024-07-04_B0BRCYQNSW,45.46
2024-07-04_B0BRCYK4JK,29.66
2024-07-04_B0BG2T78CJ,13.08
2024-07-04_B0BRCYJ33N,12.43
2024-07-04_B0BRCY8QMH,13.59
2024-07-04_B0BRCXXBG2,10.98
2024-07-04_B0BRCXSTKW,10.98
2024-07-04_B0BRCXQRC9,12.1
2024-07-04_B0BRCXP7VN,13.84
2024-07-04_B0CY5QQ49F,10.84
2024-07-04_B0BG2PD396,2.2616666666666667
2024-07-04_B09KTFXX6L,5.48
2024-07-04_B09MR3XT5G,74.99
2024-07-04_B09KDYY3SB,78.73
2024-07-04_B09MR4B13C,36.79
2024-07-04_B09MR2MLZH,17.31
2024-07-04_B09MR2FY5D,7.55
2024-07-04_B09KTMLQ1N,55.44
2024-07-04_B09KTMKDKJ,59.94
2024-07-04_B09KTJRHC7,27.92
2024-07-04_B09KTF8ZDQ,11.86
2024-07-04_B09KT5HMNY,10.98
2024-07-04_B09KSYL73R,47.26
2024-07-04_B09KSXP3HN,34.8
2024-07-04_B09KDLQ2GW,17.37
2024-07-04_B09KDZQJ6P,1.8
2024-07-04_B09KDXJJ6W,8.45
2024-07-04_B09KDR64LT,10.98
2024-07-04_B09MR3Y296,2.2516666666666665
2024-07-04_B09KDN7PYR,5.48
2024-07-04_B09KDNYCYR,10.98
2024-07-04_B09KDQ2BWY,10.98
2024-07-04_B09KDPXYG3,10.98
2024-07-04_B09KDTHJ6V,10.98
2024-07-04_B09KDTS4DC,10.98
2024-07-04_B09KDVXTP4,10.98
2024-07-04_B0BDRTZTGX,10.98
2024-07-04_B09MR36MLJ,10.98
2024-07-04_B0B69C4GST,10.98
2024-07-04_B09KDW1YKQ,10.98
2024-07-04_B09MR3RSW8,10.98
2024-07-04_B09MR4Z3H8,10.94
2024-07-04_B0BDRQWBK9,13.69
2024-07-04_B0B69SF1BT,10.98
2024-07-04_B0B69GN5KJ,10.98
2024-07-04_B0B69FBGN1,10.98
2024-07-04_B0B69DK8JN,10.98
2024-07-04_B0B69DD2C7,10.98
2024-07-04_B09MR4G722,10.98
2024-07-04_B0BDRS6R5Z,10.98
2024-07-04_B0B699PLXD,2.2516666666666665
2024-07-04_B0B31Y1FDZ,4.13
2024-07-04_B0B31VTH56,10.78
2024-07-04_B0B31V3PKG,10.98
2024-07-04_B0B69B8R3C,10.98
2024-07-04_B09MR56Q9N,2.2516666666666665
2024-07-04_B09MR5Q6HJ,5.48
2024-07-04_B09MR5WS3Y,10.98
2024-07-04_B09X1F1L26,2.2516666666666665
2024-07-04_B09MR4Z3H9,5.48
2024-07-04_B09X1HV1NL,2.2516666666666665
2024-07-04_B09X1JTK49,5.48
2024-07-04_B0B31R1ZBV,10.98
2024-07-04_B0B31SM3ZR,10.98
2024-07-04_B0B31T1XMH,10.98
2024-07-04_B0B31VFJ6Q,44.37
2024-07-04_B09X1F8C23,119.78
2024-07-05_B0BNL3J36Z,2.28
2024-07-05_B0BNL5BKMK,0.44
2024-07-05_B0BRCXDHBX,8.25
2024-07-05_B0BRCXCXCV,11.39
2024-07-05_B0BDRTZTGX,18.31
2024-07-05_B0BNL7TJRT,16.36
2024-07-05_B0BRCW2B64,3.29
2024-07-05_B0BNL4Y2J9,6.15
2024-07-05_B0BNL43XHH,16.36
2024-07-05_B0BRCW79VK,3.73
2024-07-05_B0BG2Z8CY4,7.47
2024-07-05_B0BRCXJ1F6,16.36
2024-07-05_B0BNKZCWFL,16.36
2024-07-05_B0BNKZ9BJR,16.36
2024-07-05_B0BNKZ88Z5,3.31
2024-07-05_B0BNKYZD2Z,30.857909838484524
2024-07-05_B0BNKXC5H1,6.15
2024-07-05_B0BGDZLDX2,16.36
2024-07-05_B0BGDXV7FD,3.1
2024-07-05_B0BGDXM13S,8.25
2024-07-05_B0BGDX2Z3L,2.015
2024-07-05_B0BGDWGRQB,7.19
2024-07-05_B0BSLWJKSX,16.36
2024-07-05_B0BNL11QD8,16.36
2024-07-05_B0BNKZKGFG,16.36
2024-07-05_B0BRCXQMS5,14.45
2024-07-05_B0BRDCBGFD,17.39
2024-07-05_B0CY5QQ49F,27.97
2024-07-05_B0CR4BGLK5,14.9
2024-07-05_B0BRCXJRX6,23.42
2024-07-05_B0CFV6V981,32.92
2024-07-05_B0CR49BQRS,11.62
2024-07-05_B0CR49N6MQ,17.84
2024-07-05_B0CR49NR3B,24.57
2024-07-05_B0CR4C5WXS,6.05
2024-07-05_B0CR4BK4FW,4.4366666666666665
2024-07-05_B0BRDCJWJC,0.2656870983310328
2024-07-05_B0CR4C98FS,3.82
2024-07-05_B0CY5KFQBD,7.19
2024-07-05_B0CY5LR4VX,20.8
2024-07-05_B0C9JLKFPZ,17.34
2024-07-05_B0BG2QXQ9V,16.06
2024-07-05_B0BRCYV77T,19.23
2024-07-05_B0BRCYQNSW,42.21
2024-07-05_B0BRCYK4JK,21.57
2024-07-05_B0BRCYJ4SR,14.44
2024-07-05_B0BRCYJ33N,33.86
2024-07-05_B0BRCY8QMH,16.06
2024-07-05_B0BRCXXBG2,16.36
2024-07-05_B0BNL3RDG4,16.36
2024-07-05_B0BRCXQRC9,8.95
2024-07-05_B0BRCXP7VN,14.05
2024-07-05_B0BG2T78CJ,16.36
2024-07-05_B0BNL4S6MB,16.36
2024-07-05_B0B69GN5KJ,16.36
2024-07-05_B0CR4BG4ZW,14.39
2024-07-05_B09MR3XT5G,124.32
2024-07-05_B09KDYY3SB,54.1
2024-07-05_B09MR4B13C,32.51
2024-07-05_B09MR2MLZH,14.29
2024-07-05_B09MR2FY5D,6.37
2024-07-05_B09KTMLQ1N,47.32
2024-07-05_B09KTMKDKJ,180.15
2024-07-05_B09KTJRHC7,50.46
2024-07-05_B09KTFXX6L,73.72
2024-07-05_B09KTF8ZDQ,14.4
2024-07-05_B09KT5HMNY,16.36
2024-07-05_B09KSYL73R,48.57
2024-07-05_B09KSXP3HN,82.81
2024-07-05_B09KDZQJ6P,2.18
2024-07-05_B09MR36MLJ,7.2
2024-07-05_B09KDXJJ6W,16.36
2024-07-05_B09KDR64LT,16.36
2024-07-05_B09MR3Y296,16.36
2024-07-05_B09KDN7PYR,16.36
2024-07-05_B0BG2PD396,4.1066666666666665
2024-07-05_B09KDQ2BWY,6.15
2024-07-05_B09KDPXYG3,16.36
2024-07-05_B09KDTHJ6V,16.36
2024-07-05_B09KDTS4DC,16.36
2024-07-05_B0BRCXSTKW,16.36
2024-07-05_B09KDW1YKQ,16.36
2024-07-05_B09KDNYCYR,16.36
2024-07-05_B0BDRS6R5Z,16.36
2024-07-05_B09KDVXTP4,16.36
2024-07-05_B09MR3RSW8,16.36
2024-07-05_B09MR4G722,16.36
2024-07-05_B0BDRQWBK9,4.1066666666666665
2024-07-05_B0B69SF1BT,6.15
2024-07-05_B09KDLQ2GW,3.08
2024-07-05_B0B69FBGN1,8.25
2024-07-05_B0B69DK8JN,16.36
2024-07-05_B0B69DD2C7,16.36
2024-07-05_B0B69C4GST,16.36
2024-07-05_B0B69B8R3C,16.36
2024-07-05_B0B699PLXD,4.1066666666666665
2024-07-05_B0B31Y1FDZ,9.85
2024-07-05_B0B31VTH56,17.19
2024-07-05_B09MR4Z3H8,13.02
2024-07-05_B09MR4Z3H9,16.28
2024-07-05_B09X1F8C23,54.5
2024-07-05_B0B31T1XMH,14.44
2024-07-05_B0B31SM3ZR,16.36
2024-07-05_B0B31V3PKG,16.36
2024-07-05_B09X1JTK49,16.36
2024-07-05_B0B31R1ZBV,16.36
2024-07-05_B09MR5WS3Y,16.36
2024-07-05_B09X1F1L26,1.945
2024-07-05_B0B31VFJ6Q,13.86
2024-07-05_B09MR5Q6HJ,18.16
2024-07-05_B09MR56Q9N,3.87
2024-07-05_B09X1HV1NL,30.857909838484524
2024-07-06_B0BRCXDHBX,2.88
2024-07-06_B0BRCXCXCV,5.88
2024-07-06_B0BRCW79VK,5.77
2024-07-06_B0BRCW2B64,0.6401666666666666
2024-07-06_B0B69FBGN1,2.88
2024-07-06_B0BNL5BKMK,6.09
2024-07-06_B0BNL4Y2J9,5.08
2024-07-06_B0BNL3J36Z,6.48
2024-07-06_B0BNKZCWFL,2.88
2024-07-06_B0BRCXJRX6,19.73
2024-07-06_B0BNL7TJRT,13.8
2024-07-06_B0BGDWGRQB,10.05
2024-07-06_B0BGDX2Z3L,3.59
2024-07-06_B0BGDZLDX2,7.2
2024-07-06_B0BGDXV7FD,1.3
2024-07-06_B0BGDXM13S,5.08
2024-07-06_B0BG2VYWSG,10.05
2024-07-06_B0BG2T78CJ,10.05
2024-07-06_B0BG2PD396,6.48
2024-07-06_B0BDRTZTGX,2.88
2024-07-06_B0BDRQWBK9,6.48
2024-07-06_B0BRCXP7VN,2.88
2024-07-06_B0BNKZ88Z5,3.93
2024-07-06_B0BNKZ9BJR,5.08
2024-07-06_B0BRCXQMS5,12.29
2024-07-06_B0C9JLKFPZ,23.65
2024-07-06_B0BRCXSTKW,10.39
2024-07-06_B0CR49BQRS,7.17
2024-07-06_B0CY5QQ49F,31.08
2024-07-06_B0CY5LR4VX,19.65
2024-07-06_B0CY5KFQBD,9.19
2024-07-06_B0CR4C98FS,5.515
2024-07-06_B0CR4C5WXS,5.975
2024-07-06_B0CR4BK4FW,1.28
2024-07-06_B0CR4BGLK5,5.05
2024-07-06_B0CR4BG4ZW,11.3
2024-07-06_B0CR49NR3B,7.59
2024-07-06_B0CR49N6MQ,7.5
2024-07-06_B0BRCXXBG2,7.52
2024-07-06_B0CFV6V981,18.85
2024-07-06_B0BSLTV9FL,12.74
2024-07-06_B0BRDCJWJC,6.48
2024-07-06_B0BRDCBGFD,2.88
2024-07-06_B0BRCYV77T,14.33
2024-07-06_B0BRCYQNSW,38.38
2024-07-06_B0BRCYK4JK,24.78
2024-07-06_B0BRCYJ4SR,14.57
2024-07-06_B0BRCYJ33N,13.99
2024-07-06_B0BRCY8QMH,12.0
2024-07-06_B0BSLWJKSX,10.05
2024-07-06_B0BNKYZD2Z,1.44
2024-07-06_B0BRCXQRC9,9.8
2024-07-06_B09KDZQJ6P,1.87
2024-07-06_B0B69DK8JN,6.19
2024-07-06_B09MR36MLJ,10.05
2024-07-06_B09MR2MLZH,10.05
2024-07-06_B09MR2FY5D,4.99
2024-07-06_B09KTMLQ1N,49.56
2024-07-06_B09KTMKDKJ,143.05
2024-07-06_B09KTJRHC7,54.17
2024-07-06_B09KTFXX6L,52.29
2024-07-06_B09KT5HMNY,14.17
2024-07-06_B09KSYL73R,47.19
2024-07-06_B09KSXP3HN,72.6
2024-07-06_B09KTF8ZDQ,14.17
2024-07-06_B09KDW1YKQ,10.05
2024-07-06_B09KDQ2BWY,10.05
2024-07-06_B09KDLQ2GW,3.18
2024-07-06_B09KDN7PYR,6.19
2024-07-06_B09KDNYCYR,10.05
2024-07-06_B09KDPXYG3,10.05
2024-07-06_B0B69GN5KJ,10.05
2024-07-06_B09KDR64LT,10.05
2024-07-06_B09KDTHJ6V,10.05
2024-07-06_B09KDTS4DC,10.05
2024-07-06_B09KDVXTP4,10.05
2024-07-06_B0B69SF1BT,10.05
2024-07-06_B09KDXJJ6W,10.05
2024-07-06_B09MR3RSW8,10.05
2024-07-06_B09KDYY3SB,24.55
2024-07-06_B09MR3Y296,9.84
2024-07-06_B0B31R1ZBV,10.05
2024-07-06_B0B69C4GST,10.05
2024-07-06_B0B69B8R3C,10.05
2024-07-06_B0B699PLXD,6.48
2024-07-06_B0B31Y1FDZ,2.16
2024-07-06_B0B31VTH56,9.89
2024-07-06_B0B31VFJ6Q,37.33
2024-07-06_B0B31V3PKG,16.93
2024-07-06_B0B31T1XMH,10.05
2024-07-06_B0B31SM3ZR,10.05
2024-07-06_B09X1JTK49,10.05
2024-07-06_B0B69DD2C7,10.05
2024-07-06_B09MR3XT5G,59.66
2024-07-06_B09X1F1L26,8.5
2024-07-06_B09X1DHRLN,7.15
2024-07-06_B09MR5WS3Y,10.05
2024-07-06_B09MR5Q6HJ,10.05
2024-07-06_B09MR56Q9N,6.48
2024-07-06_B09MR4Z3H9,2.88
2024-07-06_B09MR4Z3H8,14.48
2024-07-06_B09MR4G722,9.68
2024-07-06_B09MR4B13C,33.41
2024-07-06_B09X1HV1NL,4.38
2024-07-06_B09X1F8C23,36.48
2024-07-07_B0BRCXQMS5,17.0
2024-07-07_B0BRCXCXCV,11.44
2024-07-07_B0BRCW79VK,7.68
2024-07-07_B0BRCXJRX6,16.96
2024-07-07_B0BNL7TJRT,12.53
2024-07-07_B0BNKZ88Z5,1.865
2024-07-07_B0BNL4Y2J9,3.76
2024-07-07_B0BNL3J36Z,3.126666666666667
2024-07-07_B0B31VFJ6Q,12.19
2024-07-07_B0BRCXDHBX,19.21
2024-07-07_B0BNL5BKMK,1.835
2024-07-07_B0BNKZCWFL,3.76
2024-07-07_B0BGDXV7FD,2.11
2024-07-07_B0BNKZ9BJR,5.13
2024-07-07_B0BGDXM13S,8.91
2024-07-07_B0BNKYZD2Z,3.126666666666667
2024-07-07_B0BGDZLDX2,3.76
2024-07-07_B0BDRQWBK9,8.91
2024-07-07_B0BGDX2Z3L,1.13
2024-07-07_B0BGDWGRQB,4.13
2024-07-07_B0BG2VYWSG,8.91
2024-07-07_B0BG2T78CJ,8.91
2024-07-07_B0BG2PD396,3.126666666666667
2024-07-07_B0BRCW2B64,0.2335476190476191
2024-07-07_B0BRCXP7VN,3.76
2024-07-07_B0BDRTZTGX,8.91
2024-07-07_B0BRCXQRC9,8.76
2024-07-07_B0CY5LR4VX,14.91
2024-07-07_B0C9JLKFPZ,29.26
2024-07-07_B0CY5KFQBD,22.03
2024-07-07_B0CR4C98FS,8.29
2024-07-07_B0CR4C5WXS,7.48
2024-07-07_B0CR4BK4FW,1.45
2024-07-07_B0CR4BGLK5,4.17
2024-07-07_B0CR4BG4ZW,24.12
2024-07-07_B0CR49NR3B,11.7
2024-07-07_B0CR49N6MQ,21.91
2024-07-07_B0CR49BQRS,6.58
2024-07-07_B0CFV6V981,25.41
2024-07-07_B0BRCYQNSW,37.33
2024-07-07_B0BSLWJKSX,15.08
2024-07-07_B0BSLTV9FL,8.91
2024-07-07_B0BRDCJWJC,3.126666666666667
2024-07-07_B0BRDCBGFD,3.76
2024-07-07_B0CY5QQ49F,18.63
2024-07-07_B0BRCYK4JK,41.19
2024-07-07_B0BRCYJ4SR,16.35
2024-07-07_B0BRCYJ33N,29.84
2024-07-07_B0BRCY8QMH,13.44
2024-07-07_B0BRCXXBG2,8.91
2024-07-07_B0BRCXSTKW,8.91
2024-07-07_B0B69SF1BT,8.91
2024-07-07_B0B31R1ZBV,8.91
2024-07-07_B0B69FBGN1,8.91
2024-07-07_B09KDYY3SB,12.66
2024-07-07_B09MR2FY5D,5.23
2024-07-07_B09KTMLQ1N,64.17
2024-07-07_B09KTMKDKJ,146.49
2024-07-07_B09KTJRHC7,52.88
2024-07-07_B09KTFXX6L,58.61
2024-07-07_B09KTF8ZDQ,15.7
2024-07-07_B09MR2MLZH,8.91
2024-07-07_B09KSYL73R,48.93
2024-07-07_B09KSXP3HN,85.87
2024-07-07_B09KDZQJ6P,10.74
2024-07-07_B09KT5HMNY,8.481428571428571
2024-07-07_B09KDXJJ6W,8.91
2024-07-07_B09KDQ2BWY,8.91
2024-07-07_B09KDW1YKQ,8.91
2024-07-07_B09KDN7PYR,8.91
2024-07-07_B09KDNYCYR,8.91
2024-07-07_B09KDPXYG3,8.91
2024-07-07_B0B69GN5KJ,8.91
2024-07-07_B09KDR64LT,8.91
2024-07-07_B09KDTHJ6V,8.91
2024-07-07_B09KDTS4DC,8.91
2024-07-07_B09MR36MLJ,8.91
2024-07-07_B09MR3RSW8,8.91
2024-07-07_B09MR4B13C,34.96
2024-07-07_B09KDVXTP4,15.53
2024-07-07_B09X1JTK49,8.91
2024-07-07_B09KDLQ2GW,2.47
2024-07-07_B0B69DK8JN,7.2
2024-07-07_B0B69DD2C7,8.91
2024-07-07_B0B69C4GST,8.91
2024-07-07_B0B69B8R3C,8.91
2024-07-07_B0B699PLXD,3.126666666666667
2024-07-07_B09MR3Y296,3.76
2024-07-07_B09MR3XT5G,78.27
2024-07-07_B0B31V3PKG,17.57
2024-07-07_B0B31T1XMH,8.91
2024-07-07_B0B31SM3ZR,8.91
2024-07-07_B0B31Y1FDZ,6.08
2024-07-07_B0B31VTH56,15.7
2024-07-07_B09X1HV1NL,3.126666666666667
2024-07-07_B09X1F8C23,28.96
2024-07-07_B09X1F1L26,4.28
2024-07-07_B09X1DHRLN,7.63
2024-07-07_B09MR5WS3Y,8.91
2024-07-07_B09MR5Q6HJ,8.91
2024-07-07_B09MR56Q9N,3.126666666666667
2024-07-07_B09MR4Z3H9,3.76
2024-07-07_B09MR4Z3H8,12.74
2024-07-07_B0BRCYV77T,21.38
2024-07-07_B09MR4G722,12.29
2024-07-08_B0BRCXCXCV,10.46
2024-07-08_B0BRCW79VK,10.45
2024-07-08_B0BRCXJRX6,26.48
2024-07-08_B0BNL5BKMK,2.38
2024-07-08_B0BRCXQMS5,11.63
2024-07-08_B0BNL4CB4X,27.15
2024-07-08_B0B69GN5KJ,23.46
2024-07-08_B0BNL3J36Z,1.72
2024-07-08_B0BNL4Y2J9,9.19
2024-07-08_B0BRCXDHBX,23.46
2024-07-08_B0BRCXP7VN,23.46
2024-07-08_B0BNL13PNY,23.46
2024-07-08_B0BDRTZTGX,0.6
2024-07-08_B0BNKZ88Z5,0.13
2024-07-08_B0BNKYZD2Z,0.5351388888888888
2024-07-08_B0BGDXV7FD,3.2641666666666667
2024-07-08_B0BGDXM13S,9.19
2024-07-08_B0BGDX2Z3L,2.16
2024-07-08_B0BGDWGRQB,10.95
2024-07-08_B0BG2Z8CY4,23.46
2024-07-08_B0CFV6V981,13.3
2024-07-08_B0BRCW2B64,4.51
2024-07-08_B0BG2PD396,0.4087039628955973
2024-07-08_B0CR49N6MQ,11.94
2024-07-08_B0CR49BQRS,21.2
2024-07-08_B0BNKZ9BJR,20.91
2024-07-08_B0CR4C5WXS,24.98
2024-07-08_B0CR4BG4ZW,11.78
2024-07-08_B0CR4BGLK5,32.55
2024-07-08_B0CR4BK4FW,11.8
2024-07-08_B0CY5LR4VX,18.28
2024-07-08_B0CR4C98FS,16.61
2024-07-08_B0CY5KFQBD,22.45
2024-07-08_B0BRCXQRC9,19.78
2024-07-08_B0CY5QQ49F,10.4
2024-07-08_B0BDRS6R5Z,24.45
2024-07-08_B0CR49NR3B,20.42
2024-07-08_B0C9JLKFPZ,13.65
2024-07-08_B0BRDCJWJC,2.87
2024-07-08_B0BRCXSTKW,5.61
2024-07-08_B0BRCYV77T,21.69
2024-07-08_B0BRCYQNSW,35.31
2024-07-08_B0BRCYK4JK,31.42
2024-07-08_B0BRCYJ4SR,21.92
2024-07-08_B0BRCYJ33N,11.82
2024-07-08_B0BRCY8QMH,25.03
2024-07-08_B0BRCXXBG2,23.46
2024-07-08_B0BRDCBGFD,23.46
2024-07-08_B0BGDZLDX2,23.46
2024-07-08_B0B31T1XMH,23.46
2024-07-08_B09KSXP3HN,63.11
2024-07-08_B09KDVXTP4,16.17
2024-07-08_B09MR3RSW8,23.46
2024-07-08_B09KTJRHC7,20.82
2024-07-08_B09KTFXX6L,58.34
2024-07-08_B09KTF8ZDQ,18.77
2024-07-08_B09KT5HMNY,23.46
2024-07-08_B09KSYL73R,40.04
2024-07-08_B09KDZQJ6P,2.91
2024-07-08_B09KDYY3SB,4.54
2024-07-08_B09KDXJJ6W,25.03
2024-07-08_B09KTMKDKJ,22.16
2024-07-08_B09KDW1YKQ,19.26
2024-07-08_B09KDTS4DC,23.46
2024-07-08_B09KDNYCYR,23.46
2024-07-08_B09KDLQ2GW,5.31
2024-07-08_B0B69SF1BT,10.94
2024-07-08_B09KDN7PYR,23.46
2024-07-08_B09MR36MLJ,23.46
2024-07-08_B09KDPXYG3,23.46
2024-07-08_B09KDQ2BWY,23.46
2024-07-08_B09KDR64LT,23.46
2024-07-08_B0BDRQWBK9,23.46
2024-07-08_B09KTMLQ1N,71.02
2024-07-08_B09X1HV1NL,2.62
2024-07-08_B09KDTHJ6V,5.61
2024-07-08_B09MR2FY5D,12.65
2024-07-08_B0B69FBGN1,22.3
2024-07-08_B0B69DK8JN,23.46
2024-07-08_B0B69DD2C7,23.46
2024-07-08_B0B69C4GST,23.46
2024-07-08_B0B699PLXD,0.6
2024-07-08_B0B31Y1FDZ,0.4087039628955973
2024-07-08_B0B31V3PKG,5.61
2024-07-08_B09MR3XT5G,63.79
2024-07-08_B0B31R1ZBV,16.34
2024-07-08_B09X1JTK49,23.46
2024-07-08_B0B31VFJ6Q,28.68
2024-07-08_B09MR3Y296,20.59
2024-07-08_B09MR4B13C,39.25
2024-07-08_B09X1F8C23,85.21
2024-07-08_B09MR4Z3H8,40.09
2024-07-08_B09MR56Q9N,2.28
2024-07-08_B09MR4Z3H9,5.61
2024-07-08_B09MR4G722,23.46
2024-07-08_B09MR5Q6HJ,23.46
2024-07-08_B09MR5WS3Y,23.46
2024-07-08_B09X1DHRLN,23.46
2024-07-08_B09X1F1L26,4.66
2024-07-09_B0BNL5BKMK,0.3593333333333334
2024-07-09_B0BRCW2B64,0.6009523809523809
2024-07-09_B0BRCW79VK,2.02
2024-07-09_B0BNL1CG6X,8.75
2024-07-09_B0BRCXDHBX,8.1
2024-07-09_B0BNL3J36Z,0.24
2024-07-09_B0BDRQWBK9,4.21
2024-07-09_B0BNL4Y2J9,8.1
2024-07-09_B0BRCXCXCV,5.59
2024-07-09_B0BRCXJRX6,7.8
2024-07-09_B0BG2T78CJ,9.94
2024-07-09_B0BG2PD396,0.24
2024-07-09_B0BRCXQMS5,3.37
2024-07-09_B0BNKZ9BJR,8.49
2024-07-09_B0BNKZ88Z5,1.57
2024-07-09_B0BGDZLDX2,4.21
2024-07-09_B0BGDXV7FD,1.26
2024-07-09_B0BGDXM13S,8.18
2024-07-09_B0BGDX2Z3L,4.14
2024-07-09_B0BGDWGRQB,4.8
2024-07-09_B0CY5QQ49F,11.56
2024-07-09_B0BNL3RDG4,13.07
2024-07-09_B0BNKZBJX2,8.1
2024-07-09_B0BRDCJWJC,0.24
2024-07-09_B0BRCXSTKW,4.21
2024-07-09_B0BRCXP7VN,8.1
2024-07-09_B0C9JLKFPZ,31.51
2024-07-09_B0CR4C98FS,25.22
2024-07-09_B0CR4C5WXS,5.87
2024-07-09_B0CR4BK4FW,3.16
2024-07-09_B0CR4BGLK5,2.8
2024-07-09_B0CR4BG4ZW,26.09
2024-07-09_B0CR49NR3B,10.06
2024-07-09_B0CR49N6MQ,11.41
2024-07-09_B0CR49BQRS,8.16
2024-07-09_B0CY5LR4VX,40.78
2024-07-09_B0CFV6V981,51.71
2024-07-09_B0BRCYK4JK,43.51
2024-07-09_B0BRDCBGFD,12.99
2024-07-09_B0BRCYV77T,64.05
2024-07-09_B0BRCYQNSW,29.78
2024-07-09_B0BRCYJ4SR,15.67
2024-07-09_B0BRCYJ33N,15.52
2024-07-09_B0BRCY8QMH,13.05
2024-07-09_B0BRCXXBG2,8.1
2024-07-09_B0BRCXQRC9,9.82
2024-07-09_B0BDRTZTGX,8.81
2024-07-09_B0CY5KFQBD,16.52
2024-07-09_B0BNL13PNY,14.07
2024-07-09_B0BDRS6R5Z,8.1
2024-07-09_B09KSYL73R,54.01
2024-07-09_B09KDW1YKQ,12.97
2024-07-09_B09MR3RSW8,8.1
2024-07-09_B09KTMLQ1N,46.63
2024-07-09_B09KTMKDKJ,49.16
2024-07-09_B09KTJRHC7,34.29
2024-07-09_B09KTFXX6L,43.53
2024-07-09_B09KTF8ZDQ,12.97
2024-07-09_B09KT5HMNY,8.1
2024-07-09_B09KSXP3HN,28.69
2024-07-09_B09MR36MLJ,14.21
2024-07-09_B09MR2FY5D,4.1
2024-07-09_B09KDVXTP4,5.14
2024-07-09_B09KDTHJ6V,8.1
2024-07-09_B09KDXJJ6W,8.1
2024-07-09_B09KDR64LT,8.1
2024-07-09_B09KDQ2BWY,8.1
2024-07-09_B09KDNYCYR,8.1
2024-07-09_B09KDN7PYR,8.1
2024-07-09_B09KDLQ2GW,4.43
2024-07-09_B09KDTS4DC,4.66
2024-07-09_B0BNKYZD2Z,0.24
2024-07-09_B09KDZQJ6P,0.10166666666666666
2024-07-09_B09X1JTK49,8.18
2024-07-09_B09KDYY3SB,7.73
2024-07-09_B09MR4G722,13.59
2024-07-09_B09MR2MLZH,8.1
2024-07-09_B09MR3XT5G,51.04
2024-07-09_B09MR3Y296,12.85
2024-07-09_B0B69N4B1S,8.1
2024-07-09_B0B69DK8JN,8.1
2024-07-09_B0B69DD2C7,8.1
2024-07-09_B0B69C4GST,8.1
2024-07-09_B0B31Y1FDZ,5.35
2024-07-09_B0B31V3PKG,9.94
2024-07-09_B0B31T1XMH,8.1
2024-07-09_B0B31SM3ZR,8.1
2024-07-09_B0B699PLXD,0.24
2024-07-09_B0B31R1ZBV,4.21
2024-07-09_B0B31VFJ6Q,40.26
2024-07-09_B09MR4B13C,37.88
2024-07-09_B09X1HV1NL,0.69
2024-07-09_B09X1F8C23,23.51
2024-07-09_B09X1F1L26,4.39
2024-07-09_B09X1DHRLN,8.18
2024-07-09_B09MR5WS3Y,8.1
2024-07-09_B09MR56Q9N,0.24
2024-07-09_B09MR4Z3H9,4.21
2024-07-09_B09MR4Z3H8,12.25
2024-07-10_B0BRCXCXCV,7.99
2024-07-10_B0BRCW79VK,3.34
2024-07-10_B0BRCW2B64,2.89
2024-07-10_B0BRCXDHBX,4.2
2024-07-10_B0BNL4Y2J9,12.38
2024-07-10_B0BNL3RDG4,12.38
2024-07-10_B0BNL4CB4X,12.38
2024-07-10_B0BRCXP7VN,12.38
2024-07-10_B0B69SF1BT,12.38
2024-07-10_B0BNL1CG6X,12.38
2024-07-10_B0BNL4S6MB,12.38
2024-07-10_B0BNL5BKMK,0.7983333333333335
2024-07-10_B0BGDX2Z3L,4.78
2024-07-10_B0BG2Z8CY4,6.29
2024-07-10_B0BNKZBJX2,12.38
2024-07-10_B0BNKZ9BJR,12.38
2024-07-10_B0BNKZ88Z5,1.1133333333333333
2024-07-10_B0BNKYZD2Z,0.2093814697635785
2024-07-10_B0BNKYPVM6,4.2
2024-07-10_B0BGDZLDX2,12.38
2024-07-10_B0BGDXV7FD,1.5
2024-07-10_B0BGDXM13S,9.0
2024-07-10_B0BGDWGRQB,12.38
2024-07-10_B0BRCXJRX6,8.82
2024-07-10_B0CR4C98FS,7.58
2024-07-10_B0BNL11QD8,6.44
2024-07-10_B0BNL3J36Z,0.9183333333333334
2024-07-10_B0CR49NR3B,5.43
2024-07-10_B0BRCXQRC9,12.49
2024-07-10_B0BNKZCWFL,12.38
2024-07-10_B0CQVLFPBQ,12.38
2024-07-10_B0CR49BQRS,11.93
2024-07-10_B0CR49N6MQ,11.14
2024-07-10_B0CR4BG4ZW,34.41
2024-07-10_B0CR4C5WXS,10.59
2024-07-10_B0CR4BK4FW,1.01
2024-07-10_B0BG2PD396,10.086642857142857
2024-07-10_B0CY5KFQBD,3.08
2024-07-10_B0CY5LR4VX,22.32
2024-07-10_B0C9JLKFPZ,10.36
2024-07-10_B0CR4BGLK5,8.94
2024-07-10_B0BDRTZTGX,14.27
2024-07-10_B0BSLWJKSX,12.38
2024-07-10_B0BRDCJWJC,0.9183333333333334
2024-07-10_B0BRDCBGFD,4.2
2024-07-10_B0BRCYV77T,21.89
2024-07-10_B0BRCYQNSW,37.39
2024-07-10_B0BRCYK4JK,25.6
2024-07-10_B0BRCYJ4SR,21.98
2024-07-10_B0BRCYJ33N,4.75
2024-07-10_B0BRCY8QMH,15.83
2024-07-10_B0BRCXXBG2,12.38
2024-07-10_B0BRCXSTKW,12.38
2024-07-10_B0BRCXQMS5,12.06
2024-07-10_B0CY5QQ49F,1.61
2024-07-10_B0BG2T78CJ,7.36
2024-07-10_B0CFV6V981,16.95
2024-07-10_B09MR3RSW8,15.94
2024-07-10_B09KDXJJ6W,12.38
2024-07-10_B09KDLQ2GW,5.36
2024-07-10_B09KTMLQ1N,35.09
2024-07-10_B09KTMKDKJ,14.9
2024-07-10_B09KTJRHC7,9.70970238095238
2024-07-10_B09KTFXX6L,24.22
2024-07-10_B09KTF8ZDQ,14.41
2024-07-10_B09KT5HMNY,12.38
2024-07-10_B09KSYL73R,49.5
2024-07-10_B09KSXP3HN,41.73
2024-07-10_B09KDZQJ6P,5.23
2024-07-10_B09KDYY3SB,5.94
2024-07-10_B09MR2FY5D,9.57
2024-07-10_B09KDW1YKQ,6.44
2024-07-10_B09KDNYCYR,12.38
2024-07-10_B09KDVXTP4,12.38
2024-07-10_B09MR3XT5G,51.33
2024-07-10_B0BDRQWBK9,1.67
2024-07-10_B09KDN7PYR,4.2
2024-07-10_B09MR3Y296,12.38
2024-07-10_B09KDPXYG3,12.38
2024-07-10_B09KDQ2BWY,12.38
2024-07-10_B09KDR64LT,12.38
2024-07-10_B09KDTHJ6V,12.38
2024-07-10_B09KDTS4DC,12.38
2024-07-10_B09MR4G722,12.38
2024-07-10_B09X1HV1NL,0.9183333333333334
2024-07-10_B09MR2MLZH,4.2
2024-07-10_B09X1F1L26,0.7333333333333334
2024-07-10_B0B69GN5KJ,9.0
2024-07-10_B09MR4B13C,50.97
2024-07-10_B0B69G3YRM,14.27
2024-07-10_B0B69FBGN1,12.38
2024-07-10_B0B69DK8JN,12.38
2024-07-10_B0B69DD2C7,12.38
2024-07-10_B0B69C4GST,12.38
2024-07-10_B0B699PLXD,0.9183333333333334
2024-07-10_B0B31Y1FDZ,8.3
2024-07-10_B0B31VTH56,14.65
2024-07-10_B0B31VFJ6Q,37.6
2024-07-10_B0B31V3PKG,19.48
2024-07-10_B0B69B8R3C,12.38
2024-07-10_B0B31SM3ZR,12.38
2024-07-10_B0B69N4B1S,12.38
2024-07-10_B09X1JTK49,12.38
2024-07-10_B09MR36MLJ,12.38
2024-07-10_B09X1FWK8Z,12.38
2024-07-10_B09MR5WS3Y,12.38
2024-07-10_B09X1F8C23,108.44
2024-07-10_B0B31R1ZBV,14.53
2024-07-10_B09MR56Q9N,0.9183333333333334
2024-07-10_B09MR4Z3H9,4.2
2024-07-10_B09MR4Z3H8,11.73
2024-07-10_B0B31T1XMH,15.7
2024-07-10_B09X1DHRLN,12.38
2024-07-11_B0BNL4Y2J9,10.98
2024-07-11_B0BRCW2B64,2.2516666666666665
2024-07-11_B0BNL5BKMK,0.17333333333333337
2024-07-11_B0BNL4CB4X,8.45
2024-07-11_B0BSLWJKSX,10.98
2024-07-11_B0BNL1CG6X,10.98
2024-07-11_B0BNL3RDG4,10.98
2024-07-11_B0B69SF1BT,10.98
2024-07-11_B0BRCXJRX6,10.09
2024-07-11_B0BRCW79VK,3.76
2024-07-11_B0BNL3J36Z,0.9362857142857142
2024-07-11_B0BNL4S6MB,5.48
2024-07-11_B0BG2T78CJ,10.98
2024-07-11_B0BNKYPVM6,10.98
2024-07-11_B0BNKZBJX2,10.98
2024-07-11_B0BNKZ9BJR,10.98
2024-07-11_B0BNKZ88Z5,2.2516666666666665
2024-07-11_B0BNKYZD2Z,0.3841639851032817
2024-07-11_B0BGDZLDX2,5.48
2024-07-11_B0BGDXV7FD,2.09
2024-07-11_B0BGDXM13S,7.37
2024-07-11_B0BGDX2Z3L,6.79
2024-07-11_B0BGDWGRQB,6.1
2024-07-11_B0BG2Z8CY4,10.98
2024-07-11_B0BRCXCXCV,1.77
2024-07-11_B0BNL11QD8,8.45
2024-07-11_B0CY5QQ49F,2.2516666666666665
2024-07-11_B0BRDCJWJC,1.58
2024-07-11_B0BDRTZTGX,8.45
2024-07-11_B0BRCXDHBX,10.98
2024-07-11_B0CR4BGLK5,5.45
2024-07-11_B0CQVLFPBQ,4.34
2024-07-11_B0CR49BQRS,15.9
2024-07-11_B0CR49N6MQ,9.15
2024-07-11_B0CR49NR3B,10.27
2024-07-11_B0CR4BG4ZW,10.99
2024-07-11_B0CR4C98FS,18.78
2024-07-11_B0CR4BK4FW,2.806666666666666
2024-07-11_B0CR4C5WXS,7.87
2024-07-11_B0CY5LR4VX,51.09
2024-07-11_B0CY5KFQBD,1.03
2024-07-11_B0C9JLKFPZ,4.35
2024-07-11_B0CFV6V981,11.52
2024-07-11_B0BRCXSTKW,14.19
2024-07-11_B0BRDCBGFD,10.98
2024-07-11_B0BRCYV77T,13.5
2024-07-11_B0BRCYQNSW,39.84
2024-07-11_B0BRCYK4JK,22.99
2024-07-11_B0BRCYJ4SR,20.36
2024-07-11_B0BRCYJ33N,12.62
2024-07-11_B0BRCY8QMH,12.67
2024-07-11_B0BRCXXBG2,10.98
2024-07-11_B0BRCXQRC9,7.29
2024-07-11_B0BRCXP7VN,10.73
2024-07-11_B0BG2PD396,2.2516666666666665
2024-07-11_B0BNKZCWFL,5.48
2024-07-11_B0B69GN5KJ,10.98
2024-07-11_B09MR4B13C,41.98
2024-07-11_B09KDXJJ6W,13.85
2024-07-11_B09MR3Y296,2.2516666666666665
2024-07-11_B09MR2MLZH,5.48
2024-07-11_B09MR2FY5D,10.05
2024-07-11_B09KTMLQ1N,46.48
2024-07-11_B09KTMKDKJ,11.42
2024-07-11_B09KTJRHC7,4.476595238095237
2024-07-11_B09KTFXX6L,18.36
2024-07-11_B09KTF8ZDQ,13.83
2024-07-11_B09KSYL73R,51.73
2024-07-11_B09KSXP3HN,42.58
2024-07-11_B09KDZQJ6P,3.52
2024-07-11_B09KDYY3SB,9.83
2024-07-11_B09KT5HMNY,13.25
2024-07-11_B09KDW1YKQ,10.98
2024-07-11_B09KDPXYG3,10.98
2024-07-11_B0BDRQWBK9,10.98
2024-07-11_B09KDLQ2GW,7.66
2024-07-11_B09KDN7PYR,6.3
2024-07-11_B0BRCXQMS5,11.0
2024-07-11_B09MR3XT5G,51.41
2024-07-11_B09KDR64LT,14.12
2024-07-11_B09KDTS4DC,10.98
2024-07-11_B09KDVXTP4,10.98
2024-07-11_B09KDTHJ6V,10.98
2024-07-11_B09KDQ2BWY,10.98
2024-07-11_B0B31V3PKG,10.98
2024-07-11_B09KDNYCYR,10.98
2024-07-11_B09X1F1L26,3.4
2024-07-11_B09MR36MLJ,8.45
2024-07-11_B09MR3RSW8,10.98
2024-07-11_B09MR4G722,10.98
2024-07-11_B0B69G3YRM,10.98
2024-07-11_B0B69DK8JN,10.98
2024-07-11_B0B69DD2C7,10.98
2024-07-11_B0B69C4GST,10.98
2024-07-11_B0B69B8R3C,10.98
2024-07-11_B0B699PLXD,2.2516666666666665
2024-07-11_B0B31Y1FDZ,6.57
2024-07-11_B0B31VTH56,11.76
2024-07-11_B0B31VFJ6Q,38.72
2024-07-11_B0B69N4B1S,19.18
2024-07-11_B0B31SM3ZR,10.98
2024-07-11_B0B69FBGN1,10.98
2024-07-11_B09X1JTK49,10.98
2024-07-11_B09X1FWK8Z,10.98
2024-07-11_B09X1F8C23,49.98
2024-07-11_B09MR56Q9N,2.64
2024-07-11_B09X1HV1NL,0.3841639851032817
2024-07-11_B09MR5WS3Y,5.48
2024-07-11_B09MR4Z3H8,20.48
2024-07-11_B09MR4Z3H9,17.35
2024-07-11_B0B31T1XMH,10.98
2024-07-11_B09X1DHRLN,10.98
2024-07-11_B0B31R1ZBV,10.98
2024-07-12_B0BRCXQMS5,12.89
2024-07-12_B0B31Y1FDZ,9.35
2024-07-12_B0BNL5BKMK,5.29
2024-07-12_B0BRCXDHBX,8.25
2024-07-12_B0BRCXCXCV,4.91
2024-07-12_B0BRCXXBG2,13.396666666666668
2024-07-12_B0BRCW79VK,3.86
2024-07-12_B0BRCW2B64,0.06114285714285714
2024-07-12_B0BNL5JR7V,6.15
2024-07-12_B0BNL5HYLR,16.36
2024-07-12_B0BNKYZD2Z,3.41
2024-07-12_B0BNL3J36Z,0.1375
2024-07-12_B0BNKZCWFL,6.15
2024-07-12_B0BNKZ88Z5,4.1066666666666665
2024-07-12_B0BNKY8RQN,6.15
2024-07-12_B0BGDZLDX2,16.36
2024-07-12_B0BGDXV7FD,5.48
2024-07-12_B0BGDXM13S,6.15
2024-07-12_B0BNL46Y7W,16.36
2024-07-12_B0BRCXQRC9,3.27
2024-07-12_B0BNKYPVM6,7.61
2024-07-12_B0BRCXSTKW,16.36
2024-07-12_B0BRCYJ33N,54.45
2024-07-12_B0BRCY8QMH,14.24
2024-07-12_B0BGDX2Z3L,2.205
2024-07-12_B0CY5QQ49F,3.369333333333334
2024-07-12_B0BGDWGRQB,6.15
2024-07-12_B0CY5LR4VX,22.66
2024-07-12_B0CY5KFQBD,7.54
2024-07-12_B0CR4C98FS,6.22
2024-07-12_B0CR4C5WXS,111.9
2024-07-12_B0CR4BK4FW,5.736666666666667
2024-07-12_B0CR4BGLK5,6.89
2024-07-12_B0BRCXJRX6,21.5
2024-07-12_B0CR4BG4ZW,18.0
2024-07-12_B0CFV6V981,15.83
2024-07-12_B0C9JLKFPZ,13.17
2024-07-12_B0BSLVXHYJ,16.11
2024-07-12_B0BRDCJWJC,3.34
2024-07-12_B0BRDCBGFD,8.25
2024-07-12_B0BRCYQNSW,39.13
2024-07-12_B0BRCYK4JK,15.83
2024-07-12_B0CR49BQRS,13.29
2024-07-12_B0CR49NR3B,9.37
2024-07-12_B0CR49N6MQ,15.61
2024-07-12_B0BG2T78CJ,15.63
2024-07-12_B09MR4Z3H9,16.36
2024-07-12_B0BDRTZTGX,16.36
2024-07-12_B09KTMLQ1N,43.11
2024-07-12_B09MR3RSW8,14.23
2024-07-12_B09KTMKDKJ,7.4
2024-07-12_B09KTJRHC7,1.96
2024-07-12_B09KTFXX6L,46.24
2024-07-12_B09KTF8ZDQ,13.71
2024-07-12_B09KSXP3HN,33.27
2024-07-12_B09KDZQJ6P,3.67
2024-07-12_B09MR36MLJ,8.25
2024-07-12_B09KSYL73R,52.21
2024-07-12_B09KDW1YKQ,13.86
2024-07-12_B09KDVXTP4,16.36
2024-07-12_B09KDTHJ6V,16.36
2024-07-12_B09KDR64LT,16.36
2024-07-12_B09KDQ2BWY,16.36
2024-07-12_B09KDPXYG3,16.36
2024-07-12_B09KDNYCYR,16.36
2024-07-12_B0BG2PD396,4.1066666666666665
2024-07-12_B09KDLQ2GW,0.26
2024-07-12_B09KDYY3SB,7.81
2024-07-12_B09KDN7PYR,16.99
2024-07-12_B09KDXJJ6W,16.36
2024-07-12_B09MR3XT5G,47.24
2024-07-12_B09X1F8C23,97.5
2024-07-12_B0B69DK8JN,14.43
2024-07-12_B0B69FBGN1,16.36
2024-07-12_B0B69B8R3C,16.36
2024-07-12_B0B699PLXD,16.36
2024-07-12_B0B31VTH56,16.36
2024-07-12_B0B31VFJ6Q,40.48
2024-07-12_B0B31V3PKG,18.77
2024-07-12_B0B31T1XMH,16.36
2024-07-12_B0B31R1ZBV,16.36
2024-07-12_B0BRCYV77T,53.47
2024-07-12_B09X1FWK8Z,14.24
2024-07-12_B09MR3Y296,16.36
2024-07-12_B09X1F1L26,3.16
2024-07-12_B09X1DHRLN,8.25
2024-07-12_B09MR5WS3Y,16.36
2024-07-12_B09MR56Q9N,10.8
2024-07-12_B09MR4B13C,41.89
2024-07-12_B09MR4Z3H8,19.93
2024-07-12_B09X1HV1NL,47.74
2024-07-12_B09MR2FY5D,14.15
2024-07-12_B09X1JTK49,17.3
2024-07-13_B0BRCW79VK,2.24
2024-07-13_B0BRCXP7VN,7.2
2024-07-13_B0BRCXDHBX,10.05
2024-07-13_B0B69DD2C7,10.05
2024-07-13_B0BRCXJRX6,5.61
2024-07-13_B0BRCW2B64,6.73
2024-07-13_B0BRCXCXCV,1.3
2024-07-13_B0BNL5HYLR,9.25
2024-07-13_B0BNKYPVM6,10.05
2024-07-13_B0BRCXQRC9,9.56
2024-07-13_B0BNL3J36Z,10.64
2024-07-13_B0BNKYZD2Z,0.25
2024-07-13_B0BNKY8RQN,2.88
2024-07-13_B0BGDXV7FD,3.9
2024-07-13_B0BGDX2Z3L,1.06
2024-07-13_B0BRCXQMS5,7.85
2024-07-13_B0BGDWGRQB,11.46
2024-07-13_B0BNL5CJ8G,10.05
2024-07-13_B0BNL5BKMK,6.48
2024-07-13_B0CR49BQRS,12.56
2024-07-13_B0BNL5JR7V,12.62
2024-07-13_B0BG2T78CJ,10.05
2024-07-13_B0BG2PD396,6.48
2024-07-13_B0CY5QQ49F,6.05
2024-07-13_B0CR49NR3B,6.64
2024-07-13_B0CY5KFQBD,20.1
2024-07-13_B0CR4C98FS,13.36
2024-07-13_B0CR4C5WXS,8.06
2024-07-13_B0CR4BK4FW,7.8
2024-07-13_B0CR4BGLK5,4.7
2024-07-13_B0CR4BG4ZW,16.35
2024-07-13_B0CY5LR4VX,22.92
2024-07-13_B0BSLVXHYJ,12.7
2024-07-13_B0CFV6V981,24.51
2024-07-13_B0C9JLKFPZ,10.41
2024-07-13_B0BRDCJWJC,11.7
2024-07-13_B0BRDCBGFD,2.88
2024-07-13_B0BRCYV77T,45.32
2024-07-13_B0BRCYK4JK,33.16
2024-07-13_B0BRCYJ33N,15.14
2024-07-13_B0BRCXXBG2,9.98
2024-07-13_B0BNKZ88Z5,6.48
2024-07-13_B0CR49N6MQ,7.24
2024-07-13_B0BRCYQNSW,55.13
2024-07-13_B09MR4Z3H8,10.18
2024-07-13_B09MR2FY5D,5.78
2024-07-13_B09MR3Y296,6.73
2024-07-13_B09KTMLQ1N,55.21
2024-07-13_B09KTMKDKJ,36.01
2024-07-13_B09KTJRHC7,2.73
2024-07-13_B09KTFXX6L,35.16
2024-07-13_B09KSXP3HN,61.35
2024-07-13_B09MR3XT5G,85.37
2024-07-13_B09KDXJJ6W,15.41
2024-07-13_B09KTF8ZDQ,10.05
2024-07-13_B09KDR64LT,10.05
2024-07-13_B09KDYY3SB,21.26
2024-07-13_B09KDN7PYR,9.66
2024-07-13_B09KDQ2BWY,10.05
2024-07-13_B0BDRTZTGX,10.05
2024-07-13_B09KDTHJ6V,10.05
2024-07-13_B09KDVXTP4,10.05
2024-07-13_B0B69SF1BT,10.05
2024-07-13_B09KDW1YKQ,10.05
2024-07-13_B09KSYL73R,58.97
2024-07-13_B09KDZQJ6P,2.3
2024-07-13_B0B69FBGN1,5.08
2024-07-13_B09MR4B13C,44.03
2024-07-13_B0B31T1XMH,17.9
2024-07-13_B0B69DK8JN,10.05
2024-07-13_B09KDLQ2GW,3.05
2024-07-13_B0B69C4GST,7.11
2024-07-13_B0B69B8R3C,10.05
2024-07-13_B0B31VFJ6Q,30.02
2024-07-13_B0B31V3PKG,13.53
2024-07-13_B0B31Y1FDZ,6.48
2024-07-13_B09MR56Q9N,4.86
2024-07-13_B0B699PLXD,9.39
2024-07-13_B09X1JTK49,10.05
2024-07-13_B09MR3RSW8,10.05
2024-07-13_B0B31R1ZBV,10.05
2024-07-13_B09MR5WS3Y,10.05
2024-07-13_B09X1F1L26,6.95
2024-07-13_B09MR4Z3H9,2.88
2024-07-13_B09X1FWK8Z,10.05
2024-07-13_B09X1HV1NL,55.82
2024-07-13_B09X1F8C23,66.66
2024-07-14_B0BNL5HYLR,15.06
2024-07-14_B0BGDX2Z3L,4.59
2024-07-14_B0BNL5CJ8G,5.75
2024-07-14_B0BRCW2B64,3.126666666666667
2024-07-14_B0BRCW79VK,1.67
2024-07-14_B0BRCXCXCV,2.63
2024-07-14_B0BRCXQMS5,22.0
2024-07-14_B0BRCXJRX6,5.45
2024-07-14_B0BRCXP7VN,8.166666666666668
2024-07-14_B0BRCXDHBX,8.91
2024-07-14_B0BGDXM13S,8.91
2024-07-14_B0BRCXSTKW,8.91
2024-07-14_B0BNKZCWFL,8.91
2024-07-14_B0BNKZ88Z5,3.126666666666667
2024-07-14_B0BNKYZD2Z,0.4548442779330588
2024-07-14_B0BNKYPVM6,3.76
2024-07-14_B0BGDZLDX2,8.91
2024-07-14_B0BGDXV7FD,1.0
2024-07-14_B0BRCXQRC9,6.42
2024-07-14_B0CY5LR4VX,36.4
2024-07-14_B0BGDWGRQB,12.38
2024-07-14_B0BNL3J36Z,2.11
2024-07-14_B0CY5KFQBD,4.7
2024-07-14_B0BRCY8QMH,8.98
2024-07-14_B0BNL5BKMK,1.2
2024-07-14_B0CR49N6MQ,7.95
2024-07-14_B0CR4C98FS,17.3
2024-07-14_B0CR4C5WXS,9.44
2024-07-14_B0CR4BK4FW,3.773333333333333
2024-07-14_B0CR4BGLK5,6.89
2024-07-14_B0CR4BG4ZW,22.36
2024-07-14_B0CR49NR3B,11.11
2024-07-14_B0BRCXXBG2,13.26
2024-07-14_B0CY5QQ49F,8.79
2024-07-14_B0BG2VYWSG,10.99
2024-07-14_B0CFV6V981,44.22
2024-07-14_B0C9JLKFPZ,9.31
2024-07-14_B0BRDCJWJC,2.333333333333333
2024-07-14_B0BRDCBGFD,3.76
2024-07-14_B0BRCYV77T,34.62
2024-07-14_B0BRCYQNSW,42.65
2024-07-14_B0BRCYK4JK,30.7
2024-07-14_B0BRCYJ4SR,12.84
2024-07-14_B0BRCYJ33N,42.36
2024-07-14_B0CR49BQRS,11.14
2024-07-14_B0BG2PD396,1.7583333333333335
2024-07-14_B09MR4B13C,11.61
2024-07-14_B0BDRQWBK9,20.47
2024-07-14_B09KDXJJ6W,8.91
2024-07-14_B09MR3XT5G,52.41
2024-07-14_B09KTMLQ1N,141.1
2024-07-14_B09KTMKDKJ,4.2
2024-07-14_B09KTJRHC7,4.435123015873015
2024-07-14_B09KTFXX6L,23.94
2024-07-14_B09KTF8ZDQ,15.75
2024-07-14_B09KSYL73R,55.06
2024-07-14_B09KDZQJ6P,3.11
2024-07-14_B09MR2MLZH,5.13
2024-07-14_B09KDW1YKQ,8.91
2024-07-14_B09KDN7PYR,8.91
2024-07-14_B09KDTHJ6V,8.91
2024-07-14_B0BDRTZTGX,8.91
2024-07-14_B09KDLQ2GW,2.52
2024-07-14_B09KDYY3SB,21.83
2024-07-14_B09KDPXYG3,10.3
2024-07-14_B09KDQ2BWY,8.91
2024-07-14_B09KDR64LT,8.91
2024-07-14_B09KSXP3HN,60.4
2024-07-14_B09MR4Z3H9,15.7
2024-07-14_B09MR3RSW8,8.91
2024-07-14_B0B31R1ZBV,8.91
2024-07-14_B09MR3Y296,3.126666666666667
2024-07-14_B0B69DK8JN,3.76
2024-07-14_B0B69DD2C7,8.91
2024-07-14_B0B69B8R3C,8.91
2024-07-14_B0B699PLXD,8.91
2024-07-14_B0B31Y1FDZ,3.126666666666667
2024-07-14_B0B31VTH56,3.76
2024-07-14_B0B31V3PKG,8.91
2024-07-14_B0B31T1XMH,8.91
2024-07-14_B0B31SM3ZR,8.91
2024-07-14_B0B31VFJ6Q,25.81
2024-07-14_B09MR56Q9N,21.22
2024-07-14_B09MR2FY5D,13.15
2024-07-14_B09X1JTK49,8.79
2024-07-14_B09X1HV1NL,70.45
2024-07-14_B09X1F8C23,92.74
2024-07-14_B09X1F1L26,1.625
2024-07-14_B09X1DHRLN,5.13
2024-07-14_B09MR5WS3Y,8.91
2024-07-14_B09MR4Z3H8,14.53
2024-07-14_B09MR36MLJ,10.3
2024-07-15_B0BRCXCXCV,16.94
2024-07-15_B0BRCXP7VN,20.79
2024-07-15_B0BNL5BKMK,1.49
2024-07-15_B0BRCW2B64,1.079958709776748
2024-07-15_B0BNL3J36Z,0.4087039628955973
2024-07-15_B0BNL5CJ8G,5.61
2024-07-15_B0B69SF1BT,23.46
2024-07-15_B0BRCXDHBX,23.46
2024-07-15_B0BNL5HYLR,23.46
2024-07-15_B0BNL3ZV7H,23.46
2024-07-15_B0BG2VYWSG,23.46
2024-07-15_B0BNKYPVM6,23.46
2024-07-15_B0BRCXQMS5,18.32
2024-07-15_B0BNKZCWFL,28.24
2024-07-15_B0BNKZ88Z5,0.6
2024-07-15_B0BGDZLDX2,5.61
2024-07-15_B0BGDXV7FD,0.47
2024-07-15_B0BGDXM13S,5.61
2024-07-15_B0BGDX2Z3L,4.4
2024-07-15_B0BGDWGRQB,10.94
2024-07-15_B0CY5QQ49F,41.31
2024-07-15_B0BRCXJRX6,17.11
2024-07-15_B0BRCW79VK,1.0066666666666666
2024-07-15_B0CY5KFQBD,7.81
2024-07-15_B0BRCXSTKW,4.14
2024-07-15_B0C9JLKFPZ,11.3
2024-07-15_B0BNL1MQ48,13.41
2024-07-15_B0CR4C5WXS,26.88
2024-07-15_B0CY5LR4VX,22.06
2024-07-15_B0CR4BGLK5,15.82
2024-07-15_B0CR4BG4ZW,23.76
2024-07-15_B0CR49NR3B,18.71
2024-07-15_B0CR49N6MQ,20.64
2024-07-15_B0CR49BQRS,15.15
2024-07-15_B0CFV6V981,16.3
2024-07-15_B0BG2PD396,0.83
2024-07-15_B0CR4BK4FW,2.305333333333333
2024-07-15_B0BRDCJWJC,1.0080017343767347
2024-07-15_B0BRDCBGFD,5.61
2024-07-15_B0BRCYV77T,64.14
2024-07-15_B0BRCYQNSW,92.43
2024-07-15_B0BRCYK4JK,15.5
2024-07-15_B0BRCYJ33N,10.13
2024-07-15_B0BRCY8QMH,24.49
2024-07-15_B0BRCXXBG2,23.46
2024-07-15_B0BRCXQRC9,14.44
2024-07-15_B0BDRTZTGX,1.51
2024-07-15_B0BRCYJ4SR,9.19
2024-07-15_B0CR4C98FS,11.29
2024-07-15_B0BNKYZD2Z,2.2306666666666666
2024-07-15_B09MR2MLZH,5.61
2024-07-15_B09KDW1YKQ,23.46
2024-07-15_B09KTMLQ1N,62.42
2024-07-15_B09KTMKDKJ,1.67
2024-07-15_B09KTJRHC7,1.602
2024-07-15_B09KTFXX6L,52.71
2024-07-15_B09KTF8ZDQ,17.05
2024-07-15_B09KT5HMNY,23.46
2024-07-15_B09KSXP3HN,61.48
2024-07-15_B09MR36MLJ,16.17
2024-07-15_B09KDZQJ6P,0.6
2024-07-15_B09KDXJJ6W,5.61
2024-07-15_B09KSYL73R,39.5
2024-07-15_B09KDYY3SB,49.3
2024-07-15_B09KDTS4DC,24.45
2024-07-15_B0BDRS6R5Z,23.46
2024-07-15_B09KDN7PYR,23.46
2024-07-15_B09MR3RSW8,23.46
2024-07-15_B09KDQ2BWY,23.46
2024-07-15_B09KDLQ2GW,7.34
2024-07-15_B09KDR64LT,8.03
2024-07-15_B09KDTHJ6V,23.46
2024-07-15_B09MR4B13C,25.75
2024-07-15_B09KDPXYG3,17.38
2024-07-15_B09X1JTK49,23.46
2024-07-15_B09KDVXTP4,23.46
2024-07-15_B09MR2FY5D,18.67
2024-07-15_B09MR3XT5G,54.5
2024-07-15_B0B69FBGN1,16.84
2024-07-15_B0B69DK8JN,23.46
2024-07-15_B0B69DD2C7,23.46
2024-07-15_B0B69C4GST,23.46
2024-07-15_B0B69B8R3C,23.46
2024-07-15_B0B31VTH56,23.46
2024-07-15_B0B31VFJ6Q,34.99
2024-07-15_B0B31V3PKG,16.21
2024-07-15_B0B31R1ZBV,23.46
2024-07-15_B0B31T1XMH,23.46
2024-07-15_B09MR4Z3H9,23.46
2024-07-15_B09X1HV1NL,55.03
2024-07-15_B09X1F8C23,113.06
2024-07-15_B09X1F1L26,4.07
2024-07-15_B09X1DHRLN,3.85
2024-07-15_B09MR5WS3Y,23.46
2024-07-15_B09MR56Q9N,16.33
2024-07-15_B09MR4Z3H8,14.77
2024-07-15_B09MR4G722,20.86
2024-07-15_B0B31Y1FDZ,0.6
2024-07-15_B09MR3Y296,2.53
2024-07-16_B0BNL3ZV7H,8.18
2024-07-16_B0BRCW79VK,4.27
2024-07-16_B0BRCW2B64,2.63
2024-07-16_B0BNL7TJRT,4.21
2024-07-16_B0BNL6H152,8.1
2024-07-16_B0BNKZ88Z5,4.14
2024-07-16_B0BNL4Y2J9,5.1
2024-07-16_B0BNL4S7GH,8.1
2024-07-16_B0BNL5CJ8G,8.1
2024-07-16_B0BNL5LCM5,8.1
2024-07-16_B0BNL5BKMK,4.2
2024-07-16_B0BNL5HYLR,4.82
2024-07-16_B0BNL3RDG4,8.1
2024-07-16_B0BNKZBJX2,8.1
2024-07-16_B0BRCXJRX6,36.62
2024-07-16_B0BNL1WL6R,12.82
2024-07-16_B0BNL1RDVC,8.1
2024-07-16_B0BNL1MQ48,8.1
2024-07-16_B0BNL13PNY,8.1
2024-07-16_B0BNL11QD8,8.1
2024-07-16_B0BNL117VT,8.1
2024-07-16_B0BNKZF51P,8.1
2024-07-16_B0BNKZCWFL,8.1
2024-07-16_B0BNKZ5BR1,8.1
2024-07-16_B0BNKYZD2Z,7.38
2024-07-16_B0BRCXDHBX,8.5
2024-07-16_B0BNKZ9BJR,8.1
2024-07-16_B0BNL2VK7L,8.1
2024-07-16_B0CR4C5WXS,20.03
2024-07-16_B0CR49NR3B,24.25
2024-07-16_B0CY5QQ49F,85.94
2024-07-16_B0BNL3J36Z,4.11
2024-07-16_B0CR4BG4ZW,45.59
2024-07-16_B0C9JLKFPZ,137.81
2024-07-16_B0CFV6V981,54.92
2024-07-16_B0CR49BQRS,105.09
2024-07-16_B0CR49N6MQ,70.73
2024-07-16_B0CR4BK4FW,17.28
2024-07-16_B0CR4BGLK5,36.34
2024-07-16_B0BNKYW36G,12.89
2024-07-16_B0CR4C98FS,8.51
2024-07-16_B0CY5LR4VX,90.95
2024-07-16_B0CY5KFQBD,137.35
2024-07-16_B0BSLVXHYJ,16.98
2024-07-16_B0BRCXCXCV,174.23
2024-07-16_B0BSLWJKSX,14.87
2024-07-16_B0BSLTZV4Z,8.1
2024-07-16_B0BRDCJWJC,0.69
2024-07-16_B0BRDCBGFD,8.18
2024-07-16_B0BRCYV77T,59.81
2024-07-16_B0BRCYQNSW,129.91
2024-07-16_B0BRCYK4JK,249.57
2024-07-16_B0BRCYJ4SR,14.87
2024-07-16_B0BRCYJ33N,64.36
2024-07-16_B0BRCY8QMH,13.26
2024-07-16_B0BRCXXBG2,8.1
2024-07-16_B0BRCXSTKW,8.1
2024-07-16_B0BRCXP7VN,8.1
2024-07-16_B0BRCXQMS5,107.45
2024-07-16_B0BRCXQRC9,57.36
2024-07-16_B0BGDZLDX2,12.55
2024-07-16_B09KTFXX6L,219.51
2024-07-16_B0BGDX2Z3L,14.03
2024-07-16_B09KDZQJ6P,2.61
2024-07-16_B09MR4G722,9.15
2024-07-16_B09MR3Y296,1.13
2024-07-16_B09MR3XT5G,2752.29
2024-07-16_B09MR2MLZH,14.65
2024-07-16_B09MR2FY5D,25.35
2024-07-16_B09KTMLQ1N,852.62
2024-07-16_B09KTMKDKJ,13.34
2024-07-16_B09KTJRHC7,4.025714285714286
2024-07-16_B09KTF8ZDQ,7.61
2024-07-16_B09KT5HMNY,8.1
2024-07-16_B09MR4D874,8.1
2024-07-16_B09KSYL73R,38.09
2024-07-16_B09MR36MLJ,14.87
2024-07-16_B09KDYY3SB,58.46
2024-07-16_B09KDQ2BWY,14.33
2024-07-16_B09KDXJJ6W,8.1
2024-07-16_B0BGDXV7FD,3.66
2024-07-16_B09KDNYCYR,3.23
2024-07-16_B09KDPXYG3,8.1
2024-07-16_B09KDLQ2GW,7.35
2024-07-16_B09KDR64LT,9.1
2024-07-16_B09KDVXTP4,8.1
2024-07-16_B09KDW1YKQ,8.1
2024-07-16_B09KDTHJ6V,8.1
2024-07-16_B09KSXP3HN,1003.61
2024-07-16_B09MR3RSW8,14.65
2024-07-16_B09KDN7PYR,8.1
2024-07-16_B0B31SM3ZR,8.1
2024-07-16_B09KDTS4DC,8.1
2024-07-16_B09X1JTK49,8.1
2024-07-16_B09MR4Z3H8,25.42
2024-07-16_B0BGDWGRQB,12.19
2024-07-16_B0BG2PD396,0.24
2024-07-16_B0BDRTZTGX,4.21
2024-07-16_B0BDRS6R5Z,8.1
2024-07-16_B0BDRQWBK9,8.1
2024-07-16_B0B69SF1BT,8.1
2024-07-16_B0B69N4B1S,8.1
2024-07-16_B0B69GN5KJ,8.1
2024-07-16_B0B69FBGN1,8.1
2024-07-16_B0B69DK8JN,8.1
2024-07-16_B0B69C4GST,8.1
2024-07-16_B0B699PLXD,8.1
2024-07-16_B0BG2T78CJ,8.1
2024-07-16_B09MR4Z3H9,8.1
2024-07-16_B0B31Y1FDZ,0.24
2024-07-16_B0B31VTH56,4.21
2024-07-16_B0B31VFJ6Q,292.34
2024-07-16_B0B31T1XMH,14.52
2024-07-16_B0B31SVP2Q,8.1
2024-07-16_B09MR4B13C,166.7
2024-07-16_B09X1FWK8Z,14.87
2024-07-16_B0B31R1ZBV,8.1
2024-07-16_B09X1F8C23,200.13
2024-07-16_B09X1F1L26,12.93
2024-07-16_B09MR56Q9N,26.23
2024-07-16_B09MR5WS3Y,12.52
2024-07-16_B09X1HV1NL,118.53
2024-07-17_B0BRCW2B64,789.39
2024-07-17_B0BRCXCXCV,62.53
2024-07-17_B0BNL5BKMK,1.81
2024-07-17_B0BNL7TJRT,7.36
2024-07-17_B0BNL5JR7V,12.38
2024-07-17_B0BRCW79VK,9.24
2024-07-17_B0BNL5LCM5,36.44
2024-07-17_B0BNL5HYLR,12.38
2024-07-17_B0BNL5CJ8G,12.38
2024-07-17_B0BSLTZV4Z,12.38
2024-07-17_B0BNL6H152,12.38
2024-07-17_B0BNL5N28Z,12.38
2024-07-17_B0BNL2VK7L,12.38
2024-07-17_B0BNL1WL6R,12.38
2024-07-17_B0BNL3YY1C,12.38
2024-07-17_B0BNL3RDG4,12.38
2024-07-17_B0BNL3J36Z,1.1133333333333333
2024-07-17_B0BNL11QD8,4.2
2024-07-17_B0BNKZF51P,12.38
2024-07-17_B0BNKZCWFL,12.38
2024-07-17_B0BNKZBJX2,12.38
2024-07-17_B0BNKZ9BJR,12.38
2024-07-17_B0BRCXDHBX,20.53
2024-07-17_B0BNKZ5BR1,16.2
2024-07-17_B0BRCXQMS5,25.8
2024-07-17_B0BNL4S7GH,14.61
2024-07-17_B0BNL4Y2J9,12.38
2024-07-17_B0BGDZLDX2,12.38
2024-07-17_B0BRCYJ4SR,12.38
2024-07-17_B0BNKYW36G,12.38
2024-07-17_B0BRCXJRX6,15.89
2024-07-17_B0CR4BG4ZW,45.98
2024-07-17_B0C9JLKFPZ,29.3
2024-07-17_B0CFV6V981,33.89
2024-07-17_B0CR49BQRS,35.66
2024-07-17_B0CR49N6MQ,34.88
2024-07-17_B0CR49NR3B,11.08
2024-07-17_B0CY5LR4VX,47.05
2024-07-17_B0CR4BGLK5,45.37
2024-07-17_B0CR4BK4FW,2.04
2024-07-17_B0CR4C5WXS,3.28
2024-07-17_B0CR4C98FS,18.09
2024-07-17_B0CY5KFQBD,12.36
2024-07-17_B0BSLVXHYJ,16.34
2024-07-17_B0BSLWJKSX,12.38
2024-07-17_B0BRDCJWJC,0.9183333333333334
2024-07-17_B0BRDCBGFD,4.2
2024-07-17_B0BRCYV77T,111.08
2024-07-17_B0BRCYQNSW,1.96
2024-07-17_B0BRCYK4JK,10.57
2024-07-17_B0BNKYZD2Z,3.1
2024-07-17_B0BRCYJ33N,15.99
2024-07-17_B0BRCY8QMH,14.84
2024-07-17_B0BRCXXBG2,12.38
2024-07-17_B0BRCXSTKW,12.38
2024-07-17_B0BRCXQRC9,45.61
2024-07-17_B0BRCXP7VN,15.8
2024-07-17_B0CY5QQ49F,22.55
2024-07-17_B0BNKZ88Z5,4.02
2024-07-17_B0BNL13PNY,9.0
2024-07-17_B09MR3Y296,0.9183333333333334
2024-07-17_B0BNKY8RQN,4.2
2024-07-17_B09KDYY3SB,19.68
2024-07-17_B09MR3RSW8,17.39
2024-07-17_B09MR4D874,12.38
2024-07-17_B09MR2MLZH,12.38
2024-07-17_B09MR2FY5D,302.54
2024-07-17_B09KTMLQ1N,1149.37
2024-07-17_B09KTMKDKJ,3.15
2024-07-17_B09KTJRHC7,4.262065406815406
2024-07-17_B09KTFXX6L,209.06
2024-07-17_B09KT5HMNY,16.2
2024-07-17_B09KSYL73R,67.1
2024-07-17_B09KSXP3HN,1043.43
2024-07-17_B09KDZQJ6P,15.65
2024-07-17_B09KTF8ZDQ,12.85
2024-07-17_B09KDXJJ6W,12.38
2024-07-17_B09KDQ2BWY,12.38
2024-07-17_B09MR4B13C,175.57
2024-07-17_B09KDW1YKQ,16.2
2024-07-17_B09KDN7PYR,12.38
2024-07-17_B09KDNYCYR,12.38
2024-07-17_B09KDPXYG3,12.38
2024-07-17_B09KDLQ2GW,24.11
2024-07-17_B09KDR64LT,18.23
2024-07-17_B09KDTS4DC,12.38
2024-07-17_B09KDVXTP4,12.38
2024-07-17_B09MR36MLJ,12.38
2024-07-17_B0B31Y1FDZ,0.9183333333333334
2024-07-17_B0BGDXV7FD,0.966
2024-07-17_B09KDTHJ6V,10.93
2024-07-17_B09X1JTK49,12.38
2024-07-17_B0BGDX2Z3L,6.15
2024-07-17_B0BGDWGRQB,6.34
2024-07-17_B0BG2VYWSG,12.38
2024-07-17_B0BG2T78CJ,12.38
2024-07-17_B0BG2PD396,0.9183333333333334
2024-07-17_B0BDRTZTGX,4.2
2024-07-17_B09MR4G722,12.38
2024-07-17_B09MR3XT5G,168.52
2024-07-17_B0B69GN5KJ,16.06
2024-07-17_B0B69DK8JN,12.38
2024-07-17_B0B69DD2C7,12.38
2024-07-17_B0B69SF1BT,12.38
2024-07-17_B0B699PLXD,12.38
2024-07-17_B0B31VTH56,12.38
2024-07-17_B0B31V3PKG,12.38
2024-07-17_B0B31T1XMH,12.38
2024-07-17_B0B31SVP2Q,12.38
2024-07-17_B0B31SM3ZR,12.38
2024-07-17_B0B31VFJ6Q,120.04
2024-07-17_B09MR4Z3H9,16.2
2024-07-17_B0B31R1ZBV,12.38
2024-07-17_B09X1F8C23,91.25
2024-07-17_B09X1F1L26,3.16
2024-07-17_B09MR5WS3Y,6.183333333333333
2024-07-17_B09MR56Q9N,67.19
2024-07-17_B09X1HV1NL,197.61
2024-07-17_B09MR4Z3H8,178.75
2024-07-18_B0BNL6H152,15.43
2024-07-18_B0BRCW2B64,6.03
2024-07-18_B0BNL7TJRT,13.27
2024-07-18_B0BNL5N28Z,10.98
2024-07-18_B0CY5QQ49F,2.2516666666666665
2024-07-18_B0BNL5CJ8G,5.48
2024-07-18_B0BNL4Y2J9,10.98
2024-07-18_B0BNL4S7GH,10.98
2024-07-18_B0BNL4NX61,10.98
2024-07-18_B0BRCW79VK,2.2516666666666665
2024-07-18_B0BNL5HYLR,5.48
2024-07-18_B0BNL5JR7V,10.98
2024-07-18_B0BNKY8RQN,10.98
2024-07-18_B0BNL3YY1C,10.98
2024-07-18_B0BNL3RDG4,10.98
2024-07-18_B0BNL13PNY,10.98
2024-07-18_B0BNL11QD8,10.98
2024-07-18_B0BNKZYHRX,10.98
2024-07-18_B0BNKZF51P,10.98
2024-07-18_B0BNKZCWFL,10.98
2024-07-18_B0BNKZBJX2,10.98
2024-07-18_B0BNKZ9BJR,10.98
2024-07-18_B0BNKZ6N9L,10.98
2024-07-18_B0BNKZ5BR1,10.98
2024-07-18_B0BNL46Y7W,10.98
2024-07-18_B0BRCXCXCV,5.76
2024-07-18_B0BGDZLDX2,13.38
2024-07-18_B0BRCXDHBX,5.46
2024-07-18_B0BRDCJWJC,13.25
2024-07-18_B0BRCXP7VN,10.98
2024-07-18_B0CR4BGLK5,19.95
2024-07-18_B0BRCXJRX6,7.4228571428571435
2024-07-18_B0CFV6V981,8.47
2024-07-18_B0CR49BQRS,10.05
2024-07-18_B0CR49N6MQ,6.08
2024-07-18_B0CR49NR3B,2.69
2024-07-18_B0CR4C5WXS,2.455
2024-07-18_B0CR4BK4FW,1.2462857142857144
2024-07-18_B0CR4C98FS,2.12
2024-07-18_B0CY5KFQBD,2.2333333333333334
2024-07-18_B0CY5LR4VX,0.3841639851032817
2024-07-18_B0C9JLKFPZ,2.7516666666666665
2024-07-18_B0BGDXV7FD,0.036000000000000004
2024-07-18_B0BRCXQMS5,10.64
2024-07-18_B0BSLWJKSX,10.69
2024-07-18_B0BSLVXHYJ,10.98
2024-07-18_B0BRDCBGFD,10.98
2024-07-18_B0BRCYV77T,10.58
2024-07-18_B0BRCYQNSW,2.45
2024-07-18_B0BRCYK4JK,12.01
2024-07-18_B0BRCYJ4SR,13.38
2024-07-18_B0BRCYJ33N,2.2516666666666665
2024-07-18_B0BRCY8QMH,5.48
2024-07-18_B0BRCXXBG2,10.98
2024-07-18_B0BRCXSTKW,10.98
2024-07-18_B0BRCXQRC9,5.41
2024-07-18_B0BSLTZV4Z,4.34
2024-07-18_B0BNL2VK7L,10.98
2024-07-18_B0BGDXM13S,10.98
2024-07-18_B0CR4BG4ZW,12.87
2024-07-18_B09KSYL73R,17.15
2024-07-18_B09KDYY3SB,10.41
2024-07-18_B09MR3RSW8,11.53
2024-07-18_B09MR36MLJ,10.98
2024-07-18_B09MR2MLZH,10.98
2024-07-18_B09MR2FY5D,5.86
2024-07-18_B09KTMLQ1N,3.48
2024-07-18_B09KTMKDKJ,0.3841639851032817
2024-07-18_B09KTJRHC7,0.3841639851032817
2024-07-18_B09KTFXX6L,11.12
2024-07-18_B09KTF8ZDQ,12.09
2024-07-18_B09KT5HMNY,10.98
2024-07-18_B09MR3Y296,10.98
2024-07-18_B09KDZQJ6P,7.71
2024-07-18_B09MR3XT5G,2.058333333333333
2024-07-18_B09KDQ2BWY,5.48
2024-07-18_B0BGDX2Z3L,2.2516666666666665
2024-07-18_B09KDLQ2GW,0.3841639851032817
2024-07-18_B09KDN7PYR,5.48
2024-07-18_B09KDPXYG3,10.98
2024-07-18_B09KDNYCYR,10.98
2024-07-18_B09KDR64LT,10.98
2024-07-18_B09KDTHJ6V,10.98
2024-07-18_B09KDTS4DC,10.98
2024-07-18_B09KDVXTP4,10.98
2024-07-18_B09KDW1YKQ,10.98
2024-07-18_B09X1HV1NL,5.48
2024-07-18_B09KDXJJ6W,13.25
2024-07-18_B09MR4B13C,2.2516666666666665
2024-07-18_B09KSXP3HN,11.44
2024-07-18_B09MR4G722,13.52
2024-07-18_B09MR4D874,10.98
2024-07-18_B0B31Y1FDZ,2.2516666666666665
2024-07-18_B0BG2PD396,5.48
2024-07-18_B0BDRTZTGX,10.98
2024-07-18_B0BDRS6R5Z,10.98
2024-07-18_B0BDRQWBK9,10.98
2024-07-18_B0B69SF1BT,10.98
2024-07-18_B0B69N4B1S,10.98
2024-07-18_B0B69GN5KJ,10.98
2024-07-18_B0B69C4GST,10.98
2024-07-18_B0B69B8R3C,10.98
2024-07-18_B0B699PLXD,10.98
2024-07-18_B0B31VTH56,10.98
2024-07-18_B0BG2T78CJ,10.98
2024-07-18_B0B69DK8JN,10.98
2024-07-18_B0B31T1XMH,10.98
2024-07-18_B0BGDWGRQB,10.98
2024-07-18_B09MR4Z3H8,16.75
2024-07-18_B0B31SVP2Q,17.13
2024-07-18_B0B31SM3ZR,10.98
2024-07-18_B0B31R1ZBV,10.98
2024-07-18_B09X1F1L26,2.2516666666666665
2024-07-18_B09X1JTK49,5.48
2024-07-18_B09MR5WS3Y,10.98
2024-07-18_B09MR56Q9N,5.54
2024-07-18_B09MR4Z3H9,13.25
2024-07-18_B0B31VFJ6Q,5.72
2024-07-18_B09X1F8C23,13.97
2024-07-19_B0BNL6H152,16.26
2024-07-19_B0BRCW79VK,4.1066666666666665
2024-07-19_B0BRCW2B64,11.93
2024-07-19_B0BNL7TJRT,16.14
2024-07-19_B0BRCXCXCV,10.14
2024-07-19_B0BNL46Y7W,16.26
2024-07-19_B0BNL4Y2J9,16.36
2024-07-19_B0BNL4S7GH,16.36
2024-07-19_B0BNL5HYLR,16.36
2024-07-19_B0BG2PD396,16.36
2024-07-19_B0BNL4NX61,16.36
2024-07-19_B0BNL5CJ8G,16.36
2024-07-19_B0BNL5N28Z,16.36
2024-07-19_B0BNKZ5BR1,16.36
2024-07-19_B0BNL3YY1C,16.36
2024-07-19_B0BNL3RDG4,16.36
2024-07-19_B0BNL2VK7L,16.36
2024-07-19_B0BNL13PNY,16.36
2024-07-19_B0BNL11QD8,16.36
2024-07-19_B0BNKZYHRX,16.36
2024-07-19_B0BNKZCWFL,16.36
2024-07-19_B0BNKZBJX2,16.36
2024-07-19_B0BNKZ9BJR,16.36
2024-07-19_B0BNKZ6N9L,16.36
2024-07-19_B0BGDZLDX2,16.36
2024-07-19_B0BRCXDHBX,30.41
2024-07-19_B0BNKZF51P,14.13
2024-07-19_B0BNL5JR7V,16.36
2024-07-19_B0CR49N6MQ,56.21
2024-07-19_B0CY5QQ49F,15.18
2024-07-19_B0BNKY8RQN,61.13
2024-07-19_B0CY5LR4VX,12.68
2024-07-19_B0CR49BQRS,15.54
2024-07-19_B0CFV6V981,22.11
2024-07-19_B0CR4BG4ZW,14.91
2024-07-19_B0C9JLKFPZ,2.37
2024-07-19_B0CR49NR3B,4.11
2024-07-19_B0CR4C5WXS,4.21
2024-07-19_B0CR4BGLK5,4.96
2024-07-19_B0CR4BK4FW,4.906666666666667
2024-07-19_B0CR4C98FS,3.87
2024-07-19_B0CY5KFQBD,0.04
2024-07-19_B0BSLVXHYJ,6.15
2024-07-19_B0BSLWJKSX,16.36
2024-07-19_B0BRCXXBG2,16.36
2024-07-19_B0BSLTZV4Z,16.36
2024-07-19_B0BRDCJWJC,16.36
2024-07-19_B0BRDCBGFD,16.36
2024-07-19_B0BRCYV77T,27.7
2024-07-19_B0BRCYQNSW,2.61
2024-07-19_B0BRCYK4JK,3.77
2024-07-19_B0BRCYJ4SR,14.18
2024-07-19_B0BRCYJ33N,4.1066666666666665
2024-07-19_B0BRCY8QMH,6.15
2024-07-19_B0BRCXSTKW,16.36
2024-07-19_B0BRCXQMS5,27.56
2024-07-19_B0BRCXJRX6,18.64
2024-07-19_B0BRCXP7VN,12.741
2024-07-19_B0BGDXV7FD,4.1066666666666665
2024-07-19_B0BG2T78CJ,6.15
2024-07-19_B0BGDX2Z3L,4.1066666666666665
2024-07-19_B09MR3RSW8,6.15
2024-07-19_B09MR36MLJ,16.36
2024-07-19_B09MR3XT5G,4.1066666666666665
2024-07-19_B09MR2MLZH,6.15
2024-07-19_B09MR2FY5D,9.92
2024-07-19_B09KTMLQ1N,1.89
2024-07-19_B09KTMKDKJ,0.2656870983310328
2024-07-19_B09KTFXX6L,5.52
2024-07-19_B09KTF8ZDQ,14.63
2024-07-19_B09KT5HMNY,16.36
2024-07-19_B09KSYL73R,44.85
2024-07-19_B09MR3Y296,13.17
2024-07-19_B09KSXP3HN,22.66
2024-07-19_B09KTJRHC7,2.61
2024-07-19_B09KDPXYG3,6.15
2024-07-19_B09KDXJJ6W,16.36
2024-07-19_B0BGDXM13S,16.36
2024-07-19_B09KDLQ2GW,4.1066666666666665
2024-07-19_B09KDN7PYR,6.15
2024-07-19_B09KDNYCYR,16.36
2024-07-19_B09KDZQJ6P,6.26
2024-07-19_B0BRCXQRC9,4.33
2024-07-19_B09KDTS4DC,7.35
2024-07-19_B09KDVXTP4,16.36
2024-07-19_B09KDW1YKQ,16.36
2024-07-19_B09KDTHJ6V,16.36
2024-07-19_B09KDYY3SB,6.89
2024-07-19_B09MR4B13C,3.896666666666667
2024-07-19_B09KDR64LT,6.15
2024-07-19_B09MR4G722,16.36
2024-07-19_B0B31R1ZBV,16.36
2024-07-19_B09KDQ2BWY,16.36
2024-07-19_B09MR4D874,16.36
2024-07-19_B0BDRTZTGX,16.36
2024-07-19_B0BDRQWBK9,4.08
2024-07-19_B0B69SF1BT,7.61
2024-07-19_B0B69N4B1S,16.36
2024-07-19_B0B69GN5KJ,16.36
2024-07-19_B0B69DK8JN,16.36
2024-07-19_B0B69C4GST,16.36
2024-07-19_B0B69B8R3C,16.36
2024-07-19_B0B699PLXD,16.36
2024-07-19_B0B31Y1FDZ,4.1066666666666665
2024-07-19_B0BGDWGRQB,6.15
2024-07-19_B0B31VFJ6Q,10.14
2024-07-19_B0BDRS6R5Z,16.26
2024-07-19_B0B31SM3ZR,16.36
2024-07-19_B09X1HV1NL,60.75
2024-07-19_B0B31T1XMH,13.73
2024-07-19_B09X1JTK49,16.36
2024-07-19_B0B31SVP2Q,16.36
2024-07-19_B09X1F8C23,28.15
2024-07-19_B0B31VTH56,13.82
2024-07-19_B09MR5WS3Y,16.36
2024-07-19_B09MR4Z3H9,16.36
2024-07-19_B09MR4Z3H8,10.34
2024-07-19_B09MR56Q9N,24.02
2024-07-19_B09X1F1L26,2.62
2024-07-20_B0BRCXJRX6,5.928333333333334
2024-07-20_B0BRCXDHBX,41.08
2024-07-20_B0BRCW79VK,4.36
2024-07-20_B0BRCXP7VN,2.88
2024-07-20_B0BNL6H152,10.05
2024-07-20_B0BNL5HYLR,10.05
2024-07-20_B0BNL5CJ8G,10.05
2024-07-20_B0BNL4Y2J9,10.05
2024-07-20_B0BNKZ9BJR,10.05
2024-07-20_B0BRCW2B64,12.08
2024-07-20_B0BNKZ5BR1,9.72
2024-07-20_B0BNL3RDG4,10.05
2024-07-20_B0BNL13PNY,10.05
2024-07-20_B0BNKZBJX2,10.05
2024-07-20_B0BNKZ88Z5,6.48
2024-07-20_B0BNKY8RQN,2.88
2024-07-20_B0BGDZLDX2,10.05
2024-07-20_B0BRCXQMS5,56.96
2024-07-20_B0BGDXV7FD,1.9
2024-07-20_B0BNL4S6MB,2.88
2024-07-20_B0B69G3YRM,10.05
2024-07-20_B0BRCXQRC9,8.04
2024-07-20_B0BRCXCXCV,14.79
2024-07-20_B0CFV6V981,18.9
2024-07-20_B0BNL2VK7L,17.38
2024-07-20_B0BGDX2Z3L,6.48
2024-07-20_B0CY5LR4VX,6.77879466656743
2024-07-20_B0CY5KFQBD,6.77879466656743
2024-07-20_B0CR4C98FS,2.09
2024-07-20_B0CR4C5WXS,5.595
2024-07-20_B0CR4BK4FW,2.29125
2024-07-20_B0CR4BGLK5,2.47
2024-07-20_B0CR4BG4ZW,123.06
2024-07-20_B0CR49NR3B,20.5
2024-07-20_B0CY5QQ49F,20.04
2024-07-20_B0CR49N6MQ,13.86
2024-07-20_B0CR49BQRS,10.48
2024-07-20_B0BSLWJKSX,9.63
2024-07-20_B0BSLVXHYJ,10.05
2024-07-20_B0BRDCJWJC,10.05
2024-07-20_B0BRDCBGFD,10.05
2024-07-20_B0BRCYV77T,29.65
2024-07-20_B0BRCYQNSW,4.89
2024-07-20_B0BRCYK4JK,6.6
2024-07-20_B0BRCYJ4SR,7.41
2024-07-20_B0BRCXXBG2,10.05
2024-07-20_B0BGDXM13S,10.05
2024-07-20_B0C9JLKFPZ,6.48
2024-07-20_B0BRCYJ33N,6.77879466656743
2024-07-20_B0BRCY8QMH,2.88
2024-07-20_B0B31R1ZBV,10.05
2024-07-20_B09MR2MLZH,10.05
2024-07-20_B09KDXJJ6W,10.05
2024-07-20_B09MR2FY5D,10.73
2024-07-20_B09KTMLQ1N,2.41
2024-07-20_B09KTMKDKJ,6.77879466656743
2024-07-20_B09KTJRHC7,6.77879466656743
2024-07-20_B09KTF8ZDQ,2.88
2024-07-20_B09KSYL73R,47.02
2024-07-20_B09KDZQJ6P,15.36
2024-07-20_B09KTFXX6L,27.3
2024-07-20_B09KDNYCYR,9.62
2024-07-20_B09KDW1YKQ,10.05
2024-07-20_B09KDVXTP4,10.05
2024-07-20_B09KDTHJ6V,10.05
2024-07-20_B09KDR64LT,10.05
2024-07-20_B0BGDWGRQB,10.05
2024-07-20_B09KDQ2BWY,10.05
2024-07-20_B09KDPXYG3,10.05
2024-07-20_B09KDN7PYR,10.05
2024-07-20_B09KDLQ2GW,6.48
2024-07-20_B0BG2PD396,2.88
2024-07-20_B09KDYY3SB,19.41
2024-07-20_B09MR3Y296,12.39
2024-07-20_B09MR3XT5G,6.48
2024-07-20_B09MR4D874,2.88
2024-07-20_B09MR4G722,10.05
2024-07-20_B0B69DK8JN,10.05
2024-07-20_B0B69C4GST,10.05
2024-07-20_B0B69B8R3C,10.05
2024-07-20_B0B699PLXD,10.05
2024-07-20_B0B31Y1FDZ,6.48
2024-07-20_B0B31VFJ6Q,18.31
2024-07-20_B0B31V3PKG,9.72
2024-07-20_B0B31T1XMH,10.05
2024-07-20_B0B31SVP2Q,10.05
2024-07-20_B0BDRQWBK9,10.05
2024-07-20_B09MR4B13C,6.48
2024-07-20_B09MR36MLJ,2.88
2024-07-20_B09X1HV1NL,60.71
2024-07-20_B09X1F8C23,52.66
2024-07-20_B09X1F1L26,1.99
2024-07-20_B09MR5WS3Y,2.88
2024-07-20_B09MR5Q6HJ,10.05
2024-07-20_B09MR56Q9N,45.66
2024-07-20_B09MR4Z3H9,21.09
2024-07-20_B09MR4Z3H8,20.0
2024-07-20_B09X1JTK49,10.13
2024-07-20_B09KSXP3HN,17.68
2024-07-21_B0BRCXDHBX,44.96
2024-07-21_B0BRCXCXCV,31.65
2024-07-21_B0BRCXP7VN,10.3
2024-07-21_B0BRCW2B64,12.47
2024-07-21_B0BRCXXBG2,10.3
2024-07-21_B0BNL4S6MB,8.91
2024-07-21_B0B69SF1BT,8.91
2024-07-21_B0CY5QQ49F,11.54
2024-07-21_B0BNL13PNY,11.27
2024-07-21_B0BNL4S7GH,8.91
2024-07-21_B0BRCXJRX6,6.23
2024-07-21_B0BNKYPVM6,9.44
2024-07-21_B0BNKZKGFG,8.91
2024-07-21_B0BGDZLDX2,8.91
2024-07-21_B0BNKZBJX2,8.91
2024-07-21_B0BNKZ5BR1,8.91
2024-07-21_B0BGDXV7FD,3.126666666666667
2024-07-21_B0BGDXM13S,3.76
2024-07-21_B0BGDX2Z3L,3.126666666666667
2024-07-21_B0BGDWGRQB,3.76
2024-07-21_B0BG2Z8CY4,8.91
2024-07-21_B0BG2T78CJ,8.91
2024-07-21_B0BRCW79VK,3.126666666666667
2024-07-21_B0BNKYZD2Z,0.4548442779330588
2024-07-21_B0CR4BG4ZW,25.74
2024-07-21_B0BG2PD396,16.58
2024-07-21_B0BNKZCWFL,8.91
2024-07-21_B0CR49BQRS,7.73
2024-07-21_B0CR49N6MQ,29.58
2024-07-21_B0CR49NR3B,2.17
2024-07-21_B0CY5KFQBD,6.6825
2024-07-21_B0CR4BGLK5,5.27
2024-07-21_B0CR4BK4FW,3.826666666666666
2024-07-21_B0CR4C5WXS,1.99
2024-07-21_B0CR4C98FS,36.36
2024-07-21_B0CFV6V981,28.76
2024-07-21_B0CQVLFPBQ,19.85
2024-07-21_B0BDRTZTGX,8.91
2024-07-21_B0C9JLKFPZ,3.126666666666667
2024-07-21_B0BSLWJKSX,3.76
2024-07-21_B0BSLVXHYJ,8.91
2024-07-21_B0BRDCJWJC,8.91
2024-07-21_B0BRDCBGFD,8.91
2024-07-21_B0BRCYV77T,19.49
2024-07-21_B0BRCYQNSW,1.995
2024-07-21_B0BRCYK4JK,2.16
2024-07-21_B0BRCYJ33N,5.788333333333332
2024-07-21_B0BNL3RDG4,3.76
2024-07-21_B0BRCXQRC9,5.64
2024-07-21_B0CY5LR4VX,3.826666666666666
2024-07-21_B0BRCXQMS5,33.17
2024-07-21_B0B69DD2C7,20.24
2024-07-21_B09KDTHJ6V,8.91
2024-07-21_B09KSYL73R,40.73
2024-07-21_B09KDW1YKQ,15.7
2024-07-21_B09MR2FY5D,11.94
2024-07-21_B09KTMLQ1N,1.5483333333333333
2024-07-21_B09KTMKDKJ,0.4548442779330588
2024-07-21_B09KTJRHC7,0.4548442779330588
2024-07-21_B09KTFXX6L,9.65
2024-07-21_B09KTF8ZDQ,13.08
2024-07-21_B09KSXP3HN,28.84
2024-07-21_B09KDYY3SB,13.07
2024-07-21_B09KDXJJ6W,13.36
2024-07-21_B09KT5HMNY,8.91
2024-07-21_B09KDVXTP4,8.91
2024-07-21_B09KDNYCYR,8.91
2024-07-21_B09MR3RSW8,8.91
2024-07-21_B09KDTS4DC,8.91
2024-07-21_B0BDRQWBK9,8.91
2024-07-21_B09KDN7PYR,8.91
2024-07-21_B09MR3XT5G,3.126666666666667
2024-07-21_B09KDPXYG3,3.76
2024-07-21_B09KDQ2BWY,8.91
2024-07-21_B09KDR64LT,8.91
2024-07-21_B0BRCY8QMH,8.91
2024-07-21_B09MR5Q6HJ,8.91
2024-07-21_B09MR3Y296,8.91
2024-07-21_B09KDZQJ6P,3.04
2024-07-21_B09X1F8C23,43.34
2024-07-21_B09MR2MLZH,15.06
2024-07-21_B09MR4B13C,3.126666666666667
2024-07-21_B0B69DK8JN,3.76
2024-07-21_B09KDLQ2GW,8.91
2024-07-21_B0B69C4GST,8.91
2024-07-21_B0B699PLXD,8.91
2024-07-21_B0B31Y1FDZ,3.126666666666667
2024-07-21_B0B31VFJ6Q,15.34
2024-07-21_B0B31V3PKG,10.81
2024-07-21_B0B31T1XMH,8.91
2024-07-21_B0B31SVP2Q,8.91
2024-07-21_B0B31SM3ZR,8.91
2024-07-21_B09MR36MLJ,8.91
2024-07-21_B0B69G3YRM,8.91
2024-07-21_B0B31R1ZBV,8.91
2024-07-21_B09MR5WS3Y,8.91
2024-07-21_B09MR4D874,8.91
2024-07-21_B09MR56Q9N,20.32
2024-07-21_B09MR4Z3H9,19.88
2024-07-21_B09X1F1L26,3.126666666666667
2024-07-21_B09MR4G722,3.76
2024-07-21_B09X1JTK49,8.91
2024-07-21_B09X1HV1NL,53.09
2024-07-21_B09MR4Z3H8,19.29
2024-07-22_B0BNL3RDG4,24.06
2024-07-22_B0BNKZKGFG,23.46
2024-07-22_B0B69DK8JN,23.46
2024-07-22_B0BRCXCXCV,18.77
2024-07-22_B0BRCW79VK,1.81
2024-07-22_B0BRCW2B64,20.12
2024-07-22_B0BNL4S7GH,24.36
2024-07-22_B0BNKZCWFL,23.46
2024-07-22_B0BNL4S6MB,23.46
2024-07-22_B0BRCXJRX6,23.44
2024-07-22_B0BNL13PNY,27.33
2024-07-22_B0BGDZLDX2,23.46
2024-07-22_B0BNKZBJX2,23.46
2024-07-22_B0BNKZ5BR1,23.46
2024-07-22_B0BNKYPVM6,23.46
2024-07-22_B0BGDXM13S,23.46
2024-07-22_B0BGDX2Z3L,0.6
2024-07-22_B0BGDWGRQB,5.61
2024-07-22_B0BG2Z8CY4,23.46
2024-07-22_B0BG2T78CJ,23.46
2024-07-22_B0BG2PD396,23.46
2024-07-22_B0BRCXQMS5,31.28
2024-07-22_B0BGDXV7FD,1.71
2024-07-22_B0BRCXDHBX,12.89
2024-07-22_B0BRCXP7VN,16.55
2024-07-22_B0CY5QQ49F,10.99
2024-07-22_B0CR4BK4FW,2.37
2024-07-22_B0CR49N6MQ,7.16
2024-07-22_B0CR49NR3B,19.86
2024-07-22_B0CR4BG4ZW,43.65
2024-07-22_B0CR4BGLK5,22.0
2024-07-22_B0BDRTZTGX,23.41
2024-07-22_B0CR4C5WXS,7.49
2024-07-22_B0CR4C98FS,6.09
2024-07-22_B0CY5KFQBD,27.2
2024-07-22_B0CY5LR4VX,0.6
2024-07-22_B0CQVLFPBQ,5.61
2024-07-22_B0CR49BQRS,20.33
2024-07-22_B0BRCY8QMH,24.37
2024-07-22_B0CFV6V981,20.01
2024-07-22_B0C9JLKFPZ,0.66
2024-07-22_B0BSLWJKSX,5.61
2024-07-22_B0BSLVXHYJ,23.46
2024-07-22_B0BRDCJWJC,23.46
2024-07-22_B0BRDCBGFD,23.46
2024-07-22_B0BRCYV77T,25.29
2024-07-22_B0BRCYQNSW,0.65
2024-07-22_B0BRCYK4JK,8.75
2024-07-22_B0BRCYJ33N,6.88
2024-07-22_B0BRCXXBG2,5.61
2024-07-22_B0BDRQWBK9,23.46
2024-07-22_B0B31VFJ6Q,7.84
2024-07-22_B0B69G3YRM,24.35
2024-07-22_B09KDYY3SB,18.07
2024-07-22_B09MR36MLJ,24.37
2024-07-22_B09KTMLQ1N,0.6
2024-07-22_B09KTMKDKJ,0.4087039628955973
2024-07-22_B09KTJRHC7,0.4087039628955973
2024-07-22_B09KTFXX6L,34.77
2024-07-22_B09KTF8ZDQ,17.46
2024-07-22_B09KT5HMNY,23.46
2024-07-22_B09KSXP3HN,0.6
2024-07-22_B09KDZQJ6P,0.87
2024-07-22_B09MR2MLZH,10.91
2024-07-22_B09KSYL73R,39.19
2024-07-22_B09KDW1YKQ,17.71
2024-07-22_B09KDTS4DC,23.46
2024-07-22_B09KDTHJ6V,23.46
2024-07-22_B09KDXJJ6W,23.46
2024-07-22_B09KDR64LT,23.46
2024-07-22_B09KDQ2BWY,23.46
2024-07-22_B09KDPXYG3,23.46
2024-07-22_B09KDNYCYR,23.46
2024-07-22_B0B69SF1BT,23.46
2024-07-22_B09KDVXTP4,23.46
2024-07-22_B0BRCXQRC9,5.595
2024-07-22_B09KDN7PYR,3.87
2024-07-22_B09MR4Z3H9,23.46
2024-07-22_B09KDLQ2GW,0.6
2024-07-22_B09MR2FY5D,10.89
2024-07-22_B0B69C4GST,23.97
2024-07-22_B0B699PLXD,23.46
2024-07-22_B0B31Y1FDZ,0.6
2024-07-22_B09MR3XT5G,0.4087039628955973
2024-07-22_B0B31V3PKG,5.61
2024-07-22_B0B31T1XMH,23.46
2024-07-22_B09MR3RSW8,23.46
2024-07-22_B0B31SM3ZR,23.46
2024-07-22_B0B31R1ZBV,23.46
2024-07-22_B09X1JTK49,23.46
2024-07-22_B0B69DD2C7,23.46
2024-07-22_B0B31SVP2Q,23.46
2024-07-22_B09X1HV1NL,40.54
2024-07-22_B09MR4B13C,0.09
2024-07-22_B09MR4D874,5.61
2024-07-22_B09MR4G722,23.46
2024-07-22_B09MR4Z3H8,12.28
2024-07-22_B09MR3Y296,23.97
2024-07-22_B09MR56Q9N,41.51
2024-07-22_B09MR5Q6HJ,22.08
2024-07-22_B09MR5WS3Y,23.46
2024-07-22_B09X1F8C23,25.98
2024-07-22_B09X1F1L26,1.38
2024-07-23_B0BNL5BKMK,0.4565366715691763
2024-07-23_B0BNL5HYLR,4.21
2024-07-23_B0BRCW2B64,7.2
2024-07-23_B0BNKZ5BR1,13.59
2024-07-23_B0BRCXCXCV,4.5
2024-07-23_B0BRCXDHBX,39.27
2024-07-23_B0BRCXJRX6,14.18
2024-07-23_B0BRCW79VK,0.72
2024-07-23_B0BRCXP7VN,4.21
2024-07-23_B0BRCXQMS5,13.44
2024-07-23_B0BNL2VK7L,14.85
2024-07-23_B0BNL13PNY,8.1
2024-07-23_B0BNKZKGFG,8.1
2024-07-23_B0BNKZBJX2,8.1
2024-07-23_B0BDRQWBK9,8.1
2024-07-23_B0BNKYPVM6,8.1
2024-07-23_B0BGDXV7FD,0.24
2024-07-23_B0BGDX2Z3L,4.21
2024-07-23_B0BGDWGRQB,8.1
2024-07-23_B0BRCXQRC9,4.21
2024-07-23_B0BNKZ9BJR,4.8
2024-07-23_B0CFV6V981,21.37
2024-07-23_B0BSLVXHYJ,12.06
2024-07-23_B0CY5QQ49F,9.66
2024-07-23_B0C9JLKFPZ,1.08
2024-07-23_B0BNL4CB4X,4.21
2024-07-23_B0CY5LR4VX,0.24
2024-07-23_B0CY5KFQBD,9.27
2024-07-23_B0CR4C98FS,13.11
2024-07-23_B0CR4C5WXS,6.12
2024-07-23_B0CR4BK4FW,4.190210699388331
2024-07-23_B0CR4BGLK5,4.34
2024-07-23_B0CR4BG4ZW,28.41
2024-07-23_B0CR49NR3B,12.01
2024-07-23_B0BNL4HPH9,8.29
2024-07-23_B0CR49N6MQ,11.37
2024-07-23_B0BRCXXBG2,16.92
2024-07-23_B0BSLTZV4Z,8.1
2024-07-23_B0BRDCJWJC,8.1
2024-07-23_B0BRDCBGFD,8.1
2024-07-23_B0BRCYV77T,27.07
2024-07-23_B0BRCYQNSW,1.26
2024-07-23_B0BRCYK4JK,21.705
2024-07-23_B0BRCYJ4SR,9.94
2024-07-23_B0BRCYJ33N,0.24
2024-07-23_B0BRCY8QMH,4.21
2024-07-23_B0CR49BQRS,10.44
2024-07-23_B0B69SF1BT,8.75
2024-07-23_B09KDLQ2GW,0.24
2024-07-23_B0B69C4GST,4.21
2024-07-23_B09MR2FY5D,8.67
2024-07-23_B09KTMKDKJ,1.35
2024-07-23_B09KTJRHC7,0.4565366715691763
2024-07-23_B09KTFXX6L,16.05
2024-07-23_B09KTF8ZDQ,10.37
2024-07-23_B09KTMLQ1N,0.24
2024-07-23_B09KSXP3HN,18.33
2024-07-23_B09KDZQJ6P,15.16
2024-07-23_B09KDXJJ6W,4.82
2024-07-23_B09KDW1YKQ,8.1
2024-07-23_B09KSYL73R,42.51
2024-07-23_B09KDTS4DC,12.79
2024-07-23_B09KDTHJ6V,8.1
2024-07-23_B09KDR64LT,8.1
2024-07-23_B09KDQ2BWY,8.1
2024-07-23_B09KDPXYG3,8.1
2024-07-23_B09KDNYCYR,8.1
2024-07-23_B09KDN7PYR,8.1
2024-07-23_B09KDVXTP4,8.1
2024-07-23_B09KT5HMNY,8.1
2024-07-23_B0B69DK8JN,8.1
2024-07-23_B09MR2MLZH,8.1
2024-07-23_B09KDYY3SB,6.92
2024-07-23_B09MR3RSW8,8.7
2024-07-23_B0B699PLXD,8.1
2024-07-23_B0B31Y1FDZ,0.24
2024-07-23_B0B31VTH56,4.21
2024-07-23_B0B31VFJ6Q,19.28
2024-07-23_B0B31V3PKG,16.59
2024-07-23_B0B31T1XMH,8.1
2024-07-23_B0B31SVP2Q,8.1
2024-07-23_B0B31R1ZBV,8.1
2024-07-23_B09X1JTK49,8.1
2024-07-23_B09X1HV1NL,51.63
2024-07-23_B09X1F1L26,0.17
2024-07-23_B09MR36MLJ,4.21
2024-07-23_B09X1F8C23,30.52
2024-07-23_B09MR5Q6HJ,12.52
2024-07-23_B09MR56Q9N,18.16
2024-07-23_B09MR4Z3H9,12.72
2024-07-23_B09MR4Z3H8,12.23
2024-07-23_B09MR4D874,15.61
2024-07-23_B09MR4B13C,0.24
2024-07-23_B09MR3Y296,4.21
2024-07-23_B09MR3XT5G,0.24
2024-07-23_B09MR5WS3Y,4.21
2024-07-24_B0BRCXQMS5,30.62
2024-07-24_B0BRCXP7VN,12.6
2024-07-24_B0BRCXXBG2,12.38
2024-07-24_B0CQVLFPBQ,12.38
2024-07-24_B0BG2PD396,12.38
2024-07-24_B0BRCW79VK,0.9183333333333334
2024-07-24_B0BNL11QD8,4.2
2024-07-24_B0BRCXQRC9,10.92
2024-07-24_B0BRCXDHBX,60.96
2024-07-24_B0BRCXJRX6,15.56
2024-07-24_B0BNKZBJX2,12.66
2024-07-24_B0BNL5HYLR,12.38
2024-07-24_B0BRCYJ33N,0.9183333333333334
2024-07-24_B0BNL4HPH9,4.2
2024-07-24_B0BNL117VT,12.38
2024-07-24_B0BNKZ5BR1,12.38
2024-07-24_B0BNKYW36G,12.38
2024-07-24_B0BGDZLDX2,12.38
2024-07-24_B0BRCY8QMH,12.38
2024-07-24_B0BGDXV7FD,0.9183333333333334
2024-07-24_B0BRCW2B64,11.09
2024-07-24_B0BNL13PNY,14.47
2024-07-24_B0BNL64PBG,12.38
2024-07-24_B0CR49N6MQ,10.54
2024-07-24_B0CR4BG4ZW,45.86
2024-07-24_B0CR4BGLK5,22.97
2024-07-24_B0CY5LR4VX,7.98
2024-07-24_B0CR4C5WXS,1.66
2024-07-24_B0CR4C98FS,5.11
2024-07-24_B0CY5KFQBD,23.9
2024-07-24_B0CR49NR3B,18.33
2024-07-24_B0CY5QQ49F,41.66
2024-07-24_B0BRCYJ4SR,20.99
2024-07-24_B0BGDXM13S,12.38
2024-07-24_B0BSLVXHYJ,12.38
2024-07-24_B0CFV6V981,8.08
2024-07-24_B0CR4BK4FW,1.09
2024-07-24_B0C9JLKFPZ,1.99
2024-07-24_B0BSLTZV4Z,6.52
2024-07-24_B0BRDCJWJC,12.38
2024-07-24_B0BRDCBGFD,12.38
2024-07-24_B0BRCYV77T,47.39
2024-07-24_B0BRCYQNSW,0.15
2024-07-24_B0BRCYK4JK,16.35
2024-07-24_B0CR49BQRS,11.91
2024-07-24_B0BRCXCXCV,54.86
2024-07-24_B09KDZQJ6P,20.56
2024-07-24_B09KDN7PYR,6.44
2024-07-24_B09KDVXTP4,12.38
2024-07-24_B09KTMLQ1N,42.14
2024-07-24_B09MR3RSW8,14.7
2024-07-24_B09KTMKDKJ,12.38
2024-07-24_B09KTJRHC7,12.38
2024-07-24_B09KTFXX6L,38.32
2024-07-24_B09KTF8ZDQ,16.81
2024-07-24_B09KT5HMNY,12.38
2024-07-24_B09MR2MLZH,12.38
2024-07-24_B09KSXP3HN,49.97
2024-07-24_B09KDYY3SB,13.55
2024-07-24_B09KDTS4DC,3.05
2024-07-24_B09KDPXYG3,0.2093814697635785
2024-07-24_B09KDLQ2GW,0.2093814697635785
2024-07-24_B0BGDWGRQB,4.2
2024-07-24_B09KDNYCYR,12.38
2024-07-24_B09KDXJJ6W,12.38
2024-07-24_B09KDQ2BWY,12.38
2024-07-24_B09KDR64LT,12.38
2024-07-24_B09KDTHJ6V,12.38
2024-07-24_B09KSYL73R,42.85
2024-07-24_B09X1JTK49,20.72
2024-07-24_B0BGDX2Z3L,0.9183333333333334
2024-07-24_B09MR2FY5D,4.52
2024-07-24_B0BDRS6R5Z,14.26
2024-07-24_B09X1F8C23,23.72
2024-07-24_B09MR3XT5G,1.67
2024-07-24_B0BDRQWBK9,4.2
2024-07-24_B0B69GN5KJ,12.38
2024-07-24_B0B69DK8JN,12.38
2024-07-24_B0B31VFJ6Q,53.96
2024-07-24_B0B31SVP2Q,14.45
2024-07-24_B0B31R1ZBV,12.38
2024-07-24_B0B31T1XMH,12.38
2024-07-24_B0B31Y1FDZ,0.9183333333333334
2024-07-24_B09MR3Y296,4.2
2024-07-24_B09X1HV1NL,50.87
2024-07-24_B09MR4Z3H8,16.25
2024-07-24_B09MR5WS3Y,21.98
2024-07-24_B09MR4Z3H9,12.38
2024-07-24_B09MR56Q9N,24.32
2024-07-24_B09MR4G722,12.33
2024-07-24_B09X1DHRLN,12.38
2024-07-24_B09X1F1L26,12.38
2024-07-24_B09MR4B13C,0.9183333333333334
2024-07-25_B0BRCXCXCV,14.33
2024-07-25_B0BRCXDHBX,48.29
2024-07-25_B0BRCXJRX6,18.17
2024-07-25_B0BNL4HPH9,5.97
2024-07-25_B0BNL5BKMK,2.2516666666666665
2024-07-25_B0B69DD2C7,5.48
2024-07-25_B0BRCW79VK,2.2516666666666665
2024-07-25_B0BRCXP7VN,5.48
2024-07-25_B0BRCW2B64,21.65
2024-07-25_B0BGDWGRQB,17.86
2024-07-25_B0BG2Z8CY4,10.98
2024-07-25_B0BRCXQRC9,7.6
2024-07-25_B0BNL11QD8,5.41
2024-07-25_B0BNKZ5BR1,10.98
2024-07-25_B0BNKYW36G,10.98
2024-07-25_B0BGDXV7FD,10.98
2024-07-25_B0BGDXM13S,10.98
2024-07-25_B0BGDX2Z3L,2.2516666666666665
2024-07-25_B0BG2PD396,5.48
2024-07-25_B0BNL64PBG,10.98
2024-07-25_B0BNL117VT,10.98
2024-07-25_B0CQVLFPBQ,10.98
2024-07-25_B0BDRS6R5Z,10.98
2024-07-25_B0BRCXQMS5,22.14
2024-07-25_B0CR4BGLK5,22.0
2024-07-25_B0CR49NR3B,6.22
2024-07-25_B0CR4BG4ZW,14.43
2024-07-25_B0CY5KFQBD,29.88
2024-07-25_B0CR4BK4FW,2.37
2024-07-25_B0CR4C5WXS,2.25
2024-07-25_B0CR4C98FS,16.61
2024-07-25_B0CR49BQRS,16.52
2024-07-25_B0CY5QQ49F,14.6
2024-07-25_B0CY5LR4VX,19.33
2024-07-25_B0BRDCJWJC,13.4
2024-07-25_B0CFV6V981,2.2516666666666665
2024-07-25_B0C9JLKFPZ,0.3841639851032817
2024-07-25_B0BRDCBGFD,5.48
2024-07-25_B0BRCYV77T,16.57
2024-07-25_B0BRCYQNSW,2.25
2024-07-25_B0BRCYJ33N,0.3841639851032817
2024-07-25_B0BRCXXBG2,5.48
2024-07-25_B0BRCY8QMH,10.98
2024-07-25_B0CR49N6MQ,7.93
2024-07-25_B0BNL13PNY,11.97
2024-07-25_B0BRCYK4JK,14.08
2024-07-25_B0B31VTH56,14.03
2024-07-25_B09KDTS4DC,10.98
2024-07-25_B09MR2FY5D,5.51
2024-07-25_B09KTF8ZDQ,4.34
2024-07-25_B09KT5HMNY,10.98
2024-07-25_B09KSYL73R,41.76
2024-07-25_B09KSXP3HN,115.97
2024-07-25_B09KDZQJ6P,12.82
2024-07-25_B09KDXJJ6W,5.54
2024-07-25_B09KDW1YKQ,10.98
2024-07-25_B09KTFXX6L,98.67
2024-07-25_B09KDTHJ6V,14.4
2024-07-25_B09KDQ2BWY,10.98
2024-07-25_B09KDPXYG3,2.2516666666666665
2024-07-25_B09KDNYCYR,5.48
2024-07-25_B09KDN7PYR,10.98
2024-07-25_B09KDLQ2GW,2.2516666666666665
2024-07-25_B0BDRQWBK9,5.48
2024-07-25_B09KDVXTP4,10.98
2024-07-25_B09KDR64LT,10.98
2024-07-25_B09KDYY3SB,5.44
2024-07-25_B09KTJRHC7,9.796666666666667
2024-07-25_B09KTMLQ1N,25.77
2024-07-25_B09MR4Z3H9,14.82
2024-07-25_B0B31Y1FDZ,10.98
2024-07-25_B09MR3RSW8,10.98
2024-07-25_B09MR2MLZH,10.98
2024-07-25_B0B31VFJ6Q,57.18
2024-07-25_B0B31T1XMH,14.4
2024-07-25_B0B31SM3ZR,10.98
2024-07-25_B0B31R1ZBV,10.98
2024-07-25_B09X1HV1NL,49.89
2024-07-25_B09X1FWK8Z,14.01
2024-07-25_B09X1F8C23,27.5
2024-07-25_B09KTMKDKJ,14.78
2024-07-25_B09MR5WS3Y,10.98
2024-07-25_B09X1DHRLN,10.98
2024-07-25_B09MR3XT5G,2.2516666666666665
2024-07-25_B09X1F1L26,0.3841639851032817
2024-07-25_B09MR4B13C,0.3841639851032817
2024-07-25_B09MR4D874,5.48
2024-07-25_B09MR4Z3H8,10.29
2024-07-25_B09MR3Y296,11.97
2024-07-25_B09MR56Q9N,12.62
2024-07-25_B09X1JTK49,13.34
2024-07-26_B0BRCW2B64,16.91
2024-07-26_B0BRCW79VK,3.13
2024-07-26_B0BRCXCXCV,58.97
2024-07-26_B0BDRS6R5Z,16.11
2024-07-26_B0BDRQWBK9,16.36
2024-07-26_B0BRCXJRX6,3.8
2024-07-26_B0BNL424DV,7.69
2024-07-26_B0BNL5BKMK,4.1066666666666665
2024-07-26_B0BRCXDHBX,21.82
2024-07-26_B0BNL4CB4X,14.13
2024-07-26_B0BGDXV7FD,4.1066666666666665
2024-07-26_B0BRCYJ33N,0.2656870983310328
2024-07-26_B0BNL11QD8,6.15
2024-07-26_B0BNKZ5BR1,16.36
2024-07-26_B0BNKYZD2Z,4.1066666666666665
2024-07-26_B0BGDXM13S,6.15
2024-07-26_B0BGDX2Z3L,4.1066666666666665
2024-07-26_B0BGDWGRQB,6.15
2024-07-26_B0BG2T78CJ,16.36
2024-07-26_B0BG2PD396,4.1066666666666665
2024-07-26_B0BNL3J36Z,0.2656870983310328
2024-07-26_B0BRCXQMS5,19.18
2024-07-26_B0CR49N6MQ,20.7
2024-07-26_B0BRCXXBG2,15.59
2024-07-26_B0BRCXP7VN,16.36
2024-07-26_B0CY5LR4VX,8.76
2024-07-26_B0CY5KFQBD,19.5
2024-07-26_B0CR4C98FS,20.56
2024-07-26_B0CR4C5WXS,12.99
2024-07-26_B0CR4BK4FW,3.64
2024-07-26_B0CR4BGLK5,1.34
2024-07-26_B0CR4BG4ZW,30.57
2024-07-26_B0CR49NR3B,20.55
2024-07-26_B0BRCXQRC9,4.522
2024-07-26_B0BRCYV77T,17.38
2024-07-26_B0CFV6V981,4.816666666666666
2024-07-26_B0C9JLKFPZ,21.65
2024-07-26_B0BRDCJWJC,1.27
2024-07-26_B0BRDCBGFD,6.15
2024-07-26_B0BRCYQNSW,4.1066666666666665
2024-07-26_B0BRCYK4JK,9.76
2024-07-26_B0BRCYJ4SR,11.08
2024-07-26_B0BRCY8QMH,16.36
2024-07-26_B0CR49BQRS,8.49
2024-07-26_B0CY5QQ49F,7.68
2024-07-26_B0BNKZ88Z5,5.66
2024-07-26_B0B69SF1BT,6.15
2024-07-26_B09MR4D874,16.36
2024-07-26_B0B69DK8JN,16.36
2024-07-26_B09MR2MLZH,16.36
2024-07-26_B09KTJRHC7,4.1066666666666665
2024-07-26_B09KTFXX6L,23.64
2024-07-26_B09KTF8ZDQ,14.13
2024-07-26_B09KT5HMNY,16.36
2024-07-26_B09KSYL73R,18.58
2024-07-26_B09KSXP3HN,60.54
2024-07-26_B09KDZQJ6P,14.32
2024-07-26_B09MR2FY5D,3.8799999999999994
2024-07-26_B09KDW1YKQ,7.91
2024-07-26_B0B699PLXD,16.36
2024-07-26_B09KDVXTP4,16.36
2024-07-26_B09KDTHJ6V,16.36
2024-07-26_B09KDR64LT,16.36
2024-07-26_B09KDQ2BWY,16.36
2024-07-26_B09KDPXYG3,3.37
2024-07-26_B09KDNYCYR,8.25
2024-07-26_B09KDLQ2GW,4.1066666666666665
2024-07-26_B09KDXJJ6W,6.15
2024-07-26_B09KDTS4DC,16.36
2024-07-26_B09KTMKDKJ,4.1066666666666665
2024-07-26_B09KDYY3SB,1.26
2024-07-26_B0B69FBGN1,13.396666666666668
2024-07-26_B09MR3RSW8,16.36
2024-07-26_B09MR3Y296,16.36
2024-07-26_B09X1F1L26,3.37
2024-07-26_B0B69C4GST,8.25
2024-07-26_B0B31Y1FDZ,16.36
2024-07-26_B0B31VTH56,16.36
2024-07-26_B0B31SM3ZR,16.36
2024-07-26_B0B31R1ZBV,16.36
2024-07-26_B09X1JTK49,16.36
2024-07-26_B09X1HV1NL,54.24
2024-07-26_B0B31T1XMH,13.73
2024-07-26_B0B31VFJ6Q,34.78
2024-07-26_B09MR3XT5G,2.14
2024-07-26_B09X1DHRLN,6.15
2024-07-26_B09X1F8C23,29.42
2024-07-26_B09MR4B13C,3.46
2024-07-26_B09MR4G722,3.59
2024-07-26_B09KTMLQ1N,28.15
2024-07-26_B09MR4Z3H9,13.82
2024-07-26_B09MR56Q9N,18.68
2024-07-26_B09MR5WS3Y,12.95
2024-07-26_B09MR4Z3H8,6.45
2024-07-27_B0C9JLKFPZ,26.27
2024-07-27_B0BRCYK4JK,49.68
2024-07-27_B0BRCYJ33N,1.95
2024-07-27_B0BRCXQRC9,2.51
2024-07-27_B0BRCW79VK,1.5733333333333335
2024-07-27_B0BRCXJRX6,7.3
2024-07-27_B0BRCXDHBX,51.44
2024-07-27_B0BRCXCXCV,32.99
2024-07-27_B0BRCYV77T,2.51
2024-07-27_B0BRCXQMS5,21.14
2024-07-27_B0BRCYQNSW,2.89
2024-07-27_B0CFV6V981,6.77879466656743
2024-07-27_B0CR49N6MQ,12.47
2024-07-27_B0CR49NR3B,8.98
2024-07-27_B0CR4BG4ZW,21.67
2024-07-27_B0CR4BGLK5,3.97
2024-07-27_B0CR4BK4FW,2.152
2024-07-27_B0CR4C5WXS,3.08
2024-07-27_B0CR4C98FS,7.38
2024-07-27_B0CY5KFQBD,14.386666666666665
2024-07-27_B0CY5QQ49F,5.99
2024-07-27_B0CY5LR4VX,45.49
2024-07-27_B0CR49BQRS,4.52
2024-07-27_B0BNL5BKMK,7.36
2024-07-27_B0BRCW2B64,23.13
2024-07-27_B0BNKZ88Z5,2.0
2024-07-27_B0BNL3J36Z,6.77879466656743
2024-07-27_B09KTMKDKJ,0.06
2024-07-27_B09KTJRHC7,6.77879466656743
2024-07-27_B09KTFXX6L,29.29
2024-07-27_B09KDPXYG3,1.77
2024-07-27_B09KSXP3HN,28.5
2024-07-27_B09KDZQJ6P,15.5
2024-07-27_B09KDYY3SB,7.522333333333332
2024-07-27_B09MR2FY5D,3.66
2024-07-27_B09KSYL73R,35.58
2024-07-27_B09KDLQ2GW,7.6433333333333335
2024-07-27_B09KTMLQ1N,29.61
2024-07-27_B09MR4Z3H8,9.57
2024-07-27_B09MR56Q9N,31.27
2024-07-27_B09X1F1L26,3.36
2024-07-27_B09X1F8C23,20.07
2024-07-27_B09X1HV1NL,49.59
2024-07-27_B0B31VFJ6Q,79.38
2024-07-27_B0BG2PD396,4.19
2024-07-27_B0BGDX2Z3L,6.77879466656743
2024-07-27_B0BGDXV7FD,6.77879466656743
2024-07-27_B09MR3XT5G,6.77879466656743
2024-07-27_B09MR4B13C,1.98
2024-07-27_B0BNKYZD2Z,1.8032862621857138
2024-07-28_B0C9JLKFPZ,0.86
2024-07-28_B0BRCXQRC9,0.1025
2024-07-28_B0BRCXCXCV,2.81
2024-07-28_B0BRCYK4JK,24.19
2024-07-28_B0BRCXJRX6,3.043333333333333
2024-07-28_B0BRCXQMS5,23.99
2024-07-28_B0BRCW79VK,1.6392380952380956
2024-07-28_B0BRCYJ33N,0.4548442779330588
2024-07-28_B0BRCXDHBX,13.04
2024-07-28_B0BNKZ88Z5,1.6583333333333334
2024-07-28_B0CR4C5WXS,0.4548442779330588
2024-07-28_B0CR49NR3B,0.4548442779330588
2024-07-28_B0CR4BGLK5,0.4548442779330588
2024-07-28_B0CR4BK4FW,0.4548442779330588
2024-07-28_B0CR4C98FS,0.4548442779330588
2024-07-28_B0CY5KFQBD,0.4548442779330588
2024-07-28_B0CY5LR4VX,4.046
2024-07-28_B0BRCW2B64,2.9679999999999995
2024-07-28_B0CFV6V981,52.72
2024-07-28_B0BNL5BKMK,20.21130819044291
2024-07-28_B0BRCYV77T,0.4548442779330588
2024-07-28_B0CR4BG4ZW,0.4548442779330588
2024-07-28_B09MR4Z3H8,0.86
2024-07-28_B09X1F1L26,1.7494285444947204
2024-07-28_B09KDLQ2GW,0.4548442779330588
2024-07-28_B0CR49BQRS,0.327
2024-07-28_B0BNL3J36Z,1.7494285444947204
2024-07-28_B09MR2FY5D,0.77
2024-07-28_B09KTMLQ1N,4.66
2024-07-28_B09KDYY3SB,3.526666666666667
2024-07-28_B09KTFXX6L,0.4548442779330588
2024-07-28_B09KSYL73R,0.83
2024-07-28_B09KSXP3HN,5.15
2024-07-28_B09KDZQJ6P,1.05
2024-07-28_B09KTJRHC7,1.7494285444947204
2024-07-28_B0CR49N6MQ,0.4548442779330588
2024-07-28_B09MR3XT5G,0.4900438169425511
2024-07-28_B09X1F8C23,10.71
2024-07-28_B09X1HV1NL,6.14
2024-07-28_B0B31Y1FDZ,1.9678333333333333
2024-07-28_B0BG2PD396,0.4548442779330588
2024-07-28_B0BGDX2Z3L,0.4548442779330588
2024-07-28_B0BGDXV7FD,0.4548442779330588
2024-07-28_B0BNKYZD2Z,0.4548442779330588
2024-07-28_B09MR4B13C,0.4548442779330588
2024-07-28_B09KDPXYG3,0.4548442779330588
2024-07-28_B09MR56Q9N,0.92
2024-07-28_B0B31VFJ6Q,11.17
2024-07-28_B0CY5QQ49F,3.61
